"","ncaa_match_id","ht","h_sets","at","a_sets","match_id","h_pts","a_pts","winner","loser","pt_diff","Date"
"1","5181974","Stanford",3,"Lindenwood",0,"5181974",75,48,"Stanford","Lindenwood",27,2022-01-01
"2","5181991","Hawaii",3,"Loyola Chicago",0,"5181991",75,55,"Hawaii","Loyola Chicago",20,2022-01-02
"3","5182067","Central St. (OH)",2,"Indiana Tech",3,"5182067",95,109,"Indiana Tech","Central St. (OH)",14,2022-01-03
"4","5182133","UC Santa Barbara",2,"Southern California",3,"5182133",103,101,"Southern California","UC Santa Barbara",-2,2022-01-04
"5","5182144","Penn St.",3,"BYU",0,"5182144",75,51,"Penn St.","BYU",24,2022-01-05
"6","5182270","Stanford",3,"Lindenwood",0,"5182270",78,64,"Stanford","Lindenwood",14,2022-01-06
"7","5182373","UC Santa Barbara",1,"Southern California",3,"5182373",82,95,"Southern California","UC Santa Barbara",13,2022-01-07
"8","5182483","Grand Canyon",3,"McKendree",1,"5182483",107,101,"Grand Canyon","McKendree",6,2022-01-08
"9","5182501","King (TN)",0,"Purdue Fort Wayne",3,"5182501",60,75,"Purdue Fort Wayne","King (TN)",15,2022-01-09
"10","5182505","UC Irvine",3,"Lindenwood",0,"5182505",77,63,"UC Irvine","Lindenwood",14,2022-01-10
"11","5182510","Hawaii",3,"Loyola Chicago",1,"5182510",93,74,"Hawaii","Loyola Chicago",19,2022-01-11
"12","5182773","Ohio St.",3,"Central St. (OH)",0,"5182773",75,56,"Ohio St.","Central St. (OH)",19,2022-01-12
"13","5183103","Ohio St.",3,"Central St. (OH)",0,"5183103",75,50,"Ohio St.","Central St. (OH)",25,2022-01-13
"14","5183108","Penn St.",3,"BYU",0,"5183108",76,64,"Penn St.","BYU",12,2022-01-14
"15","5183181","Erskine",2,"Lancaster Bible",3,"5183181",107,108,"Lancaster Bible","Erskine",1,2022-01-15
"16","5183186","Stanford",3,"UC Irvine",2,"5183186",117,114,"Stanford","UC Irvine",3,2022-01-16
"17","5183208","Grand Canyon",3,"McKendree",1,"5183208",97,80,"Grand Canyon","McKendree",17,2022-01-17
"18","5183590","Belmont Abbey",3,"LIU",0,"5183590",75,48,"Belmont Abbey","LIU",27,2022-01-18
"19","5183626","CUI",3,"St. Xavier",1,"5183626",94,87,"CUI","St. Xavier",7,2022-01-19
"20","5183756","UC Santa Barbara",3,"St. Xavier",0,"5183756",75,55,"UC Santa Barbara","St. Xavier",20,2022-01-20
"21","5183824","Lewis",3,"Maryville (MO)",0,"5183824",75,36,"Lewis","Maryville (MO)",39,2022-01-21
"22","5184112","Ohio St.",3,"Saint Francis (PA)",0,"5184112",75,51,"Ohio St.","Saint Francis (PA)",24,2022-01-22
"23","5184336","UC Irvine",3,"Harvard",0,"5184336",75,62,"UC Irvine","Harvard",13,2022-01-23
"24","5184340","Southern California",3,"Princeton",0,"5184340",85,75,"Southern California","Princeton",10,2022-01-24
"25","5184419","Belmont Abbey",3,"LIU",0,"5184419",79,67,"Belmont Abbey","LIU",12,2022-01-25
"26","5184439","Loyola Chicago",3,"NJIT",1,"5184439",97,85,"Loyola Chicago","NJIT",12,2022-01-26
"27","5184469","Pepperdine",3,"Erskine",0,"5184469",75,43,"Pepperdine","Erskine",32,2022-01-27
"28","5184583","Emmanuel (GA)",3,"Queens (NC)",2,"5184583",106,101,"Emmanuel (GA)","Queens (NC)",5,2022-01-28
"29","5184586","Ball St.",3,"Maryville (MO)",0,"5184586",75,43,"Ball St.","Maryville (MO)",32,2022-01-29
"30","5184587","Penn St.",3,"Grand Canyon",0,"5184587",75,60,"Penn St.","Grand Canyon",15,2022-01-30
"31","5184635","Belmont Abbey",3,"CarolinaU",0,"5184635",75,49,"Belmont Abbey","CarolinaU",26,2022-01-31
"32","5184761","CUI",3,"St. Katherine",0,"5184761",75,46,"CUI","St. Katherine",29,2022-02-01
"33","5184861","Southern California",3,"Erskine",0,"5184861",75,42,"Southern California","Erskine",33,2022-02-02
"34","5184932","LIU",0,"Springfield",3,"5184932",56,75,"Springfield","LIU",19,2022-02-03
"35","5185095","Lewis",3,"NJIT",1,"5185095",93,75,"Lewis","NJIT",18,2022-02-04
"36","5185158","Pepperdine",3,"Erskine",0,"5185158",75,49,"Pepperdine","Erskine",26,2022-02-05
"37","5185164","UC San Diego",3,"Harvard",1,"5185164",91,84,"UC San Diego","Harvard",7,2022-02-06
"38","5185165","UC Irvine",3,"Stanford",1,"5185165",98,87,"UC Irvine","Stanford",11,2022-02-07
"39","5185175","Hawaii",3,"Edward Waters",0,"5185175",75,28,"Hawaii","Edward Waters",47,2022-02-08
"40","5185180","Purdue Fort Wayne",3,"Maryville (MO)",0,"5185180",75,52,"Purdue Fort Wayne","Maryville (MO)",23,2022-02-09
"41","5185506","Ball St.",3,"Tusculum",0,"5185506",75,37,"Ball St.","Tusculum",38,2022-02-10
"42","5185640","King (TN)",3,"Fort Valley St.",0,"5185640",75,49,"King (TN)","Fort Valley St.",26,2022-02-11
"43","5185966","Mount Olive",3,"George Mason",2,"5185966",105,107,"Mount Olive","George Mason",-2,2022-02-12
"44","5185976","Lewis",3,"Saint Francis (PA)",0,"5185976",79,65,"Lewis","Saint Francis (PA)",14,2022-02-13
"45","5186042","Barton",0,"George Mason",3,"5186042",51,75,"George Mason","Barton",24,2022-02-14
"46","5186066","UCLA",3,"Princeton",0,"5186066",75,56,"UCLA","Princeton",19,2022-02-15
"47","5186106","UC San Diego",3,"Stanford",0,"5186106",75,65,"UC San Diego","Stanford",10,2022-02-16
"48","5186116","Long Beach St.",3,"Harvard",0,"5186116",74,57,"Long Beach St.","Harvard",17,2022-02-17
"49","5186310","Hawaii",3,"Edward Waters",0,"5186310",75,29,"Hawaii","Edward Waters",46,2022-02-18
"50","5186606","Pepperdine",3,"Princeton",0,"5186606",75,61,"Pepperdine","Princeton",14,2022-02-19
"51","5186617","Long Beach St.",3,"Erskine",0,"5186617",75,39,"Long Beach St.","Erskine",36,2022-02-20
"52","5187255","UC Santa Barbara",1,"Princeton",3,"5187255",85,103,"Princeton","UC Santa Barbara",18,2022-02-21
"53","5187601","Endicott",3,"American Int'l",0,"5187601",75,50,"Endicott","American Int'l",25,2022-02-22
"54","5187618","Lincoln Memorial",3,"Purdue Fort Wayne",0,"5187618",75,58,"Lincoln Memorial","Purdue Fort Wayne",17,2022-02-23
"55","5187897","Purdue Fort Wayne",2,"George Mason",3,"5187897",105,104,"George Mason","Purdue Fort Wayne",-1,2022-02-24
"56","5187927","Limestone",3,"Erskine",0,"5187927",83,65,"Limestone","Erskine",18,2022-02-25
"57","5188116","McRae",3,"Lees",0,"5188116",77,57,"McRae","Lees",20,2022-02-26
"58","5188118","Queens (NC)",1,"Mount Olive",3,"5188118",77,97,"Mount Olive","Queens (NC)",20,2022-02-27
"59","5188186","Loyola Chicago",3,"Belmont Abbey",0,"5188186",75,50,"Loyola Chicago","Belmont Abbey",25,2022-02-28
"60","5188236","American Int'l",0,"Daemen",3,"5188236",42,75,"Daemen","American Int'l",33,2022-03-01
"61","5188321","McKendree",3,"Central St. (OH)",0,"5188321",75,42,"McKendree","Central St. (OH)",33,2022-03-02
"62","5188387","Quincy",3,"William Penn",0,"5188387",75,57,"Quincy","William Penn",18,2022-03-03
"63","5188394","Harvard",3,"Queens (NC)",0,"5188394",75,53,"Harvard","Queens (NC)",22,2022-03-04
"64","5188404","Maryville (MO)",3,"Culver-Stockton",1,"5188404",97,78,"Maryville (MO)","Culver-Stockton",19,2022-03-05
"65","5188447","Lewis",1,"Long Beach St.",3,"5188447",90,99,"Long Beach St.","Lewis",9,2022-03-06
"66","5188467","UCLA",3,"Ohio St.",2,"5188467",111,91,"UCLA","Ohio St.",20,2022-03-07
"67","5188492","Fort Valley St.",3,"Benedict",0,"5188492",75,53,"Fort Valley St.","Benedict",22,2022-03-08
"68","5188505","Stanford",3,"Vanguard",0,"5188505",75,62,"Stanford","Vanguard",13,2022-03-09
"69","5188525","BYU",3,"UC Irvine",2,"5188525",107,110,"BYU","UC Irvine",-3,2022-03-10
"70","5188527","UC San Diego",1,"Grand Canyon",3,"5188527",86,99,"Grand Canyon","UC San Diego",13,2022-03-11
"71","5188532","Pepperdine",2,"UC Santa Barbara",3,"5188532",101,110,"UC Santa Barbara","Pepperdine",9,2022-03-12
"72","5188542","Penn St.",1,"Southern California",3,"5188542",86,98,"Southern California","Penn St.",12,2022-03-13
"73","5188585","Randolph-Macon",3,"Alderson Broaddus",1,"5188585",98,78,"Randolph-Macon","Alderson Broaddus",20,2022-03-14
"74","5188627","Edward Waters",3,"Erskine",2,"5188627",108,92,"Edward Waters","Erskine",16,2022-03-15
"75","5188629","American Int'l",0,"Endicott",3,"5188629",47,75,"Endicott","American Int'l",28,2022-03-16
"76","5188634","Sacred Heart",3,"Daemen",2,"5188634",106,98,"Sacred Heart","Daemen",8,2022-03-17
"77","5188703","Alderson Broaddus",3,"East. Mennonite",1,"5188703",99,82,"Alderson Broaddus","East. Mennonite",17,2022-03-18
"78","5188900","Queens (NC)",3,"King (TN)",2,"5188900",103,102,"Queens (NC)","King (TN)",1,2022-03-19
"79","5189068","St. Francis Brooklyn",1,"Purdue Fort Wayne",3,"5189068",65,95,"Purdue Fort Wayne","St. Francis Brooklyn",30,2022-03-20
"80","5189377","Quincy",3,"St. Xavier",2,"5189377",109,104,"Quincy","St. Xavier",5,2022-03-21
"81","5189527","Harvard",3,"King (TN)",0,"5189527",75,51,"Harvard","King (TN)",24,2022-03-22
"82","5189541","Lewis",3,"Belmont Abbey",0,"5189541",75,51,"Lewis","Belmont Abbey",24,2022-03-23
"83","5189554","Maryville (MO)",3,"Olivet Nazarene",0,"5189554",75,58,"Maryville (MO)","Olivet Nazarene",17,2022-03-24
"84","5189568","Lindenwood",3,"Central St. (OH)",0,"5189568",75,59,"Lindenwood","Central St. (OH)",16,2022-03-25
"85","5189588","Ohio St.",3,"Southern California",1,"5189588",92,88,"Ohio St.","Southern California",4,2022-03-26
"86","5189600","Loyola Chicago",0,"Long Beach St.",3,"5189600",56,75,"Long Beach St.","Loyola Chicago",19,2022-03-27
"87","5189641","Stanford",3,"UC Santa Cruz",1,"5189641",98,70,"Stanford","UC Santa Cruz",28,2022-03-28
"88","5189645","BYU",3,"UC Irvine",0,"5189645",75,61,"BYU","UC Irvine",14,2022-03-29
"89","5189666","CUI",3,"Master's",0,"5189666",75,56,"CUI","Master's",19,2022-03-30
"90","5189695","UCLA",3,"Penn St.",1,"5189695",95,92,"UCLA","Penn St.",3,2022-03-31
"91","5189709","Ball St.",3,"George Mason",0,"5189709",75,39,"Ball St.","George Mason",36,2022-04-01
"92","5189774","NJIT",3,"Purdue Fort Wayne",0,"5189774",76,59,"NJIT","Purdue Fort Wayne",17,2022-04-02
"93","5189836","Princeton",2,"Daemen",3,"5189836",99,101,"Daemen","Princeton",2,2022-04-03
"94","5190472","Elmira",3,"D'Youville",0,"5190472",75,60,"Elmira","D'Youville",15,2022-04-04
"95","5190562","Fairleigh Dickinson",1,"LIU",3,"5190562",87,96,"LIU","Fairleigh Dickinson",9,2022-04-05
"96","5190575","Quincy",3,"St. Ambrose",1,"5190575",96,78,"Quincy","St. Ambrose",18,2022-04-06
"97","5190590","Lincoln Memorial",3,"King (TN)",2,"5190590",107,104,"Lincoln Memorial","King (TN)",3,2022-04-07
"98","5190614","Limestone",3,"North Greenville",2,"5190614",111,107,"Limestone","North Greenville",4,2022-04-08
"99","5190738","Saint Francis (PA)",3,"LIU",0,"5190738",75,62,"Saint Francis (PA)","LIU",13,2022-04-09
"100","5191140","Southern California",3,"UC Irvine",0,"5191140",75,53,"Southern California","UC Irvine",22,2022-04-10
"101","5191283","Penn St.",3,"Grand Canyon",0,"5191283",75,49,"Penn St.","Grand Canyon",26,2022-04-11
"102","5191549","Grand Canyon",3,"Benedictine Mesa",0,"5191549",75,47,"Grand Canyon","Benedictine Mesa",28,2022-04-12
"103","5191678","BYU",3,"Mount Olive",2,"5191678",111,102,"BYU","Mount Olive",9,2022-04-13
"104","5191813","Judson (IL)",3,"Maryville (MO)",1,"5191813",99,89,"Judson (IL)","Maryville (MO)",10,2022-04-14
"105","5191819","Limestone",0,"Charleston (WV)",3,"5191819",51,75,"Charleston (WV)","Limestone",24,2022-04-15
"106","5191823","Grand Canyon",3,"Master's",0,"5191823",75,61,"Grand Canyon","Master's",14,2022-04-16
"107","5191831","Campbellsville",2,"Limestone",3,"5191831",108,104,"Limestone","Campbellsville",-4,2022-04-17
"108","5191849","Alderson Broaddus",1,"North Greenville",3,"5191849",81,90,"North Greenville","Alderson Broaddus",9,2022-04-18
"109","5191869","Sacred Heart",3,"Lasell",0,"5191869",75,54,"Sacred Heart","Lasell",21,2022-04-19
"110","5191873","King (TN)",0,"McKendree",3,"5191873",49,75,"McKendree","King (TN)",26,2022-04-20
"111","5191878","Lincoln Memorial",3,"Loyola Chicago",0,"5191878",75,58,"Lincoln Memorial","Loyola Chicago",17,2022-04-21
"112","5191940","Lees-McRae",3,"Benedict",0,"5191940",75,47,"Lees-McRae","Benedict",28,2022-04-22
"113","5191950","Queens (NC)",3,"Barton",0,"5191950",77,57,"Queens (NC)","Barton",20,2022-04-23
"114","5192036","Purdue Fort Wayne",3,"Saint Francis (PA)",1,"5192036",98,91,"Purdue Fort Wayne","Saint Francis (PA)",7,2022-04-24
"115","5192138","UC Santa Barbara",3,"Penn St.",0,"5192138",75,55,"UC Santa Barbara","Penn St.",20,2022-04-25
"116","5192149","Quincy",2,"Missouri Valley",3,"5192149",105,107,"Missouri Valley","Quincy",2,2022-04-26
"117","5192163","Long Beach St.",3,"Ohio St.",1,"5192163",99,83,"Long Beach St.","Ohio St.",16,2022-04-27
"118","5192183","Pepperdine",3,"Lewis",0,"5192183",75,60,"Pepperdine","Lewis",15,2022-04-28
"119","5192193","UC Irvine",2,"Southern California",3,"5192193",107,121,"Southern California","UC Irvine",14,2022-04-29
"120","5192248","Daemen",2,"St. Francis Brooklyn",3,"5192248",99,105,"St. Francis Brooklyn","Daemen",6,2022-04-30
"121","5192304","Daemen",3,"LIU",0,"5192304",78,62,"Daemen","LIU",16,2022-05-01
"122","5192340","Lees-McRae",3,"Bluefield Col.",0,"5192340",79,63,"Lees-McRae","Bluefield Col.",16,2022-05-02
"123","5192483","Geneva",2,"Alderson Broaddus",3,"5192483",98,110,"Alderson Broaddus","Geneva",12,2022-05-03
"124","5192548","Edward Waters",2,"Emmanuel (GA)",3,"5192548",101,111,"Emmanuel (GA)","Edward Waters",10,2022-05-04
"125","5192566","D'Youville",1,"St. Francis Brooklyn",3,"5192566",86,98,"St. Francis Brooklyn","D'Youville",12,2022-05-05
"126","5192633","Purdue Fort Wayne",2,"Saint Francis (PA)",3,"5192633",109,108,"Saint Francis (PA)","Purdue Fort Wayne",-1,2022-05-06
"127","5192637","Lincoln Memorial",3,"McKendree",1,"5192637",92,80,"Lincoln Memorial","McKendree",12,2022-05-07
"128","5192692","Queens (NC)",3,"Charleston (WV)",1,"5192692",98,86,"Queens (NC)","Charleston (WV)",12,2022-05-08
"129","5192776","D'Youville",1,"LIU",3,"5192776",88,100,"LIU","D'Youville",12,2022-05-09
"130","5192777","Princeton",2,"UC San Diego",3,"5192777",95,105,"UC San Diego","Princeton",10,2022-05-10
"131","5192799","Benedict",2,"Bluefield Col.",3,"5192799",103,110,"Bluefield Col.","Benedict",7,2022-05-11
"132","5192883","King (TN)",2,"Loyola Chicago",3,"5192883",98,107,"Loyola Chicago","King (TN)",9,2022-05-12
"133","5192910","BYU",3,"Mount Olive",1,"5192910",97,94,"BYU","Mount Olive",3,2022-05-13
"134","5192912","UC Santa Barbara",3,"Ohio St.",1,"5192912",101,79,"UC Santa Barbara","Ohio St.",22,2022-05-14
"135","5192979","Long Beach St.",2,"Penn St.",3,"5192979",107,110,"Penn St.","Long Beach St.",3,2022-05-15
"136","5193401","UCLA",0,"Lewis",3,"5193401",64,75,"Lewis","UCLA",11,2022-05-16
"137","5193623","Reinhardt",3,"Fort Valley St.",0,"5193623",75,61,"Reinhardt","Fort Valley St.",14,2022-05-17
"138","5193751","Erskine",3,"Tusculum",1,"5193751",98,87,"Erskine","Tusculum",11,2022-05-18
"139","5193996","George Mason",3,"North Greenville",1,"5193996",97,92,"George Mason","North Greenville",5,2022-05-19
"140","5194025","Daemen",3,"Medaille",0,"5194025",75,33,"Daemen","Medaille",42,2022-05-20
"141","5194086","North Greenville",3,"Tusculum",0,"5194086",75,50,"North Greenville","Tusculum",25,2022-05-21
"142","5194586","Fort Valley St.",0,"Belmont Abbey",3,"5194586",52,60,"Belmont Abbey","Fort Valley St.",8,2022-05-22
"143","5194729","Sacred Heart",3,"Fairleigh Dickinson",0,"5194729",75,55,"Sacred Heart","Fairleigh Dickinson",20,2022-05-23
"144","5194793","Belmont Abbey",3,"Benedict",1,"5194793",97,68,"Belmont Abbey","Benedict",29,2022-05-24
"145","5194801","D'Youville",3,"Hilbert",0,"5194801",75,57,"D'Youville","Hilbert",18,2022-05-25
"146","5194943","UCLA",3,"CSUN",0,"5194943",77,65,"UCLA","CSUN",12,2022-05-26
"147","5195072","Southern California",3,"UC San Diego",0,"5195072",82,71,"Southern California","UC San Diego",11,2022-05-27
"148","5195426","Lees-McRae",3,"Edward Waters",1,"5195426",94,80,"Lees-McRae","Edward Waters",14,2022-05-28
"149","5195459","Alvernia",1,"LIU",3,"5195459",91,95,"LIU","Alvernia",4,2022-05-29
"150","5195741","Hawaii",3,"Fairleigh Dickinson",0,"5195741",75,39,"Hawaii","Fairleigh Dickinson",36,2022-05-30
"151","5195786","Stanford",3,"Fairleigh Dickinson",0,"5195786",75,52,"Stanford","Fairleigh Dickinson",23,2022-05-31
"152","5195861","Benedict",0,"Belmont Abbey",3,"5195861",50,75,"Belmont Abbey","Benedict",25,2022-06-01
"153","5195874","NJIT",3,"LIU",0,"5195874",75,53,"NJIT","LIU",22,2022-06-02
"154","5195913","Lincoln Memorial",3,"Erskine",0,"5195913",75,45,"Lincoln Memorial","Erskine",30,2022-06-03
"155","5195965","Limestone",3,"King (TN)",1,"5195965",98,78,"Limestone","King (TN)",20,2022-06-04
"156","5195978","Sacred Heart",1,"Purdue Fort Wayne",3,"5195978",84,99,"Purdue Fort Wayne","Sacred Heart",15,2022-06-05
"157","5195999","McKendree",3,"Maryville (MO)",0,"5195999",75,43,"McKendree","Maryville (MO)",32,2022-06-06
"158","5196006","Hawaii",3,"Queens (NC)",0,"5196006",75,29,"Hawaii","Queens (NC)",46,2022-06-07
"159","5196066","Charleston (WV)",2,"St. Francis Brooklyn",3,"5196066",103,99,"St. Francis Brooklyn","Charleston (WV)",-4,2022-06-08
"160","5196115","Loyola Chicago",0,"Grand Canyon",3,"5196115",60,76,"Grand Canyon","Loyola Chicago",16,2022-06-09
"161","5196127","Quincy",2,"Grand View",3,"5196127",108,116,"Grand View","Quincy",8,2022-06-10
"162","5196185","BYU",3,"Ball St.",2,"5196185",115,109,"BYU","Ball St.",6,2022-06-11
"163","5196186","CSUN",3,"UC Merced",1,"5196186",96,67,"CSUN","UC Merced",29,2022-06-12
"164","5196192","Long Beach St.",3,"Southern California",1,"5196192",90,88,"Long Beach St.","Southern California",2,2022-06-13
"165","5196215","UC Irvine",1,"UCLA",3,"5196215",85,97,"UCLA","UC Irvine",12,2022-06-14
"166","5196217","UC San Diego",1,"CUI",3,"5196217",91,94,"CUI","UC San Diego",3,2022-06-15
"167","5196253","American Int'l",0,"Nichols",3,"5196253",60,79,"Nichols","American Int'l",19,2022-06-16
"168","5196428","Penn St.",3,"Princeton",0,"5196428",75,47,"Penn St.","Princeton",28,2022-06-17
"169","5196709","American Int'l",3,"Russell Sage",0,"5196709",75,55,"American Int'l","Russell Sage",20,2022-06-18
"170","5196771","North Greenville",3,"Edward Waters",0,"5196771",75,63,"North Greenville","Edward Waters",12,2022-06-19
"171","5196925","Limestone",3,"Alderson Broaddus",0,"5196925",75,51,"Limestone","Alderson Broaddus",24,2022-06-20
"172","5196959","Lincoln Memorial",3,"Emmanuel (GA)",0,"5196959",75,44,"Lincoln Memorial","Emmanuel (GA)",31,2022-06-21
"173","5197343","Morehouse",0,"Webber Int'l",3,"5197343",40,75,"Webber Int'l","Morehouse",35,2022-06-22
"174","5197372","Saint Francis (PA)",3,"Princeton",1,"5197372",96,87,"Saint Francis (PA)","Princeton",9,2022-06-23
"175","5197420","LIU",0,"NJIT",3,"5197420",61,75,"NJIT","LIU",14,2022-06-24
"176","5197458","Hawaii",3,"Stanford",1,"5197458",94,77,"Hawaii","Stanford",17,2022-06-25
"177","5197485","Charleston (WV)",3,"St. Francis Brooklyn",0,"5197485",75,61,"Charleston (WV)","St. Francis Brooklyn",14,2022-06-26
"178","5197528","Lindenwood",3,"Maryville (MO)",0,"5197528",75,43,"Lindenwood","Maryville (MO)",32,2022-06-27
"179","5197568","Harvard",1,"Purdue Fort Wayne",3,"5197568",86,96,"Purdue Fort Wayne","Harvard",10,2022-06-28
"180","5197604","Lewis",3,"Grand Canyon",2,"5197604",105,107,"Lewis","Grand Canyon",-2,2022-06-29
"181","5197665","BYU",1,"Ball St.",3,"5197665",95,106,"Ball St.","BYU",11,2022-06-30
"182","5197892","Daemen",3,"St. John Fisher",2,"5197892",112,114,"Daemen","St. John Fisher",-2,2022-07-01
"183","5198224","Mo. Baptist",3,"Quincy",1,"5198224",101,94,"Mo. Baptist","Quincy",7,2022-07-02
"184","5199142","UCLA",3,"UC Irvine",2,"5199142",104,98,"UCLA","UC Irvine",6,2022-07-03
"185","5199322","Alderson Broaddus",3,"Saint Vincent",0,"5199322",75,58,"Alderson Broaddus","Saint Vincent",17,2022-07-04
"186","5199323","King (TN)",3,"Lees-McRae",0,"5199323",75,54,"King (TN)","Lees-McRae",21,2022-07-05
"187","5199359","Erskine",3,"North Greenville",1,"5199359",96,84,"Erskine","North Greenville",12,2022-07-06
"188","5199421","Emmanuel (GA)",3,"Limestone",2,"5199421",102,104,"Emmanuel (GA)","Limestone",-2,2022-07-07
"189","5199494","Maryville (MO)",2,"Mo. Baptist",3,"5199494",100,112,"Mo. Baptist","Maryville (MO)",12,2022-07-08
"190","5199540","Hawaii",3,"LIU",0,"5199540",76,50,"Hawaii","LIU",26,2022-07-09
"191","5200049","Maryville (MO)",3,"UHSP",0,"5200049",77,52,"Maryville (MO)","UHSP",25,2022-07-10
"192","5200231","CSUN",3,"Vanguard",0,"5200231",75,47,"CSUN","Vanguard",28,2022-07-11
"193","5200254","Southern California",3,"UC Santa Barbara",0,"5200254",75,65,"Southern California","UC Santa Barbara",10,2022-07-12
"194","5200255","Pepperdine",3,"UC Irvine",0,"5200255",77,63,"Pepperdine","UC Irvine",14,2022-07-13
"195","5200272","Hawaii",3,"LIU",0,"5200272",75,39,"Hawaii","LIU",36,2022-07-14
"196","5200323","D'Youville",3,"Wells",0,"5200323",75,42,"D'Youville","Wells",33,2022-07-15
"197","5200454","Loyola Chicago",3,"Quincy",0,"5200454",75,49,"Loyola Chicago","Quincy",26,2022-07-16
"198","5200476","UC San Diego",1,"UCLA",3,"5200476",82,97,"UCLA","UC San Diego",15,2022-07-17
"199","5200667","Lewis",0,"Ball St.",3,"5200667",71,81,"Ball St.","Lewis",10,2022-07-18
"200","5200685","McKendree",3,"Ohio St.",1,"5200685",96,85,"McKendree","Ohio St.",11,2022-07-19
"201","5200807","Southern California",3,"CSUN",0,"5200807",75,61,"Southern California","CSUN",14,2022-07-20
"202","5200974","Central St. (OH)",0,"Georgetown (KY)",3,"5200974",54,75,"Georgetown (KY)","Central St. (OH)",21,2022-07-21
"203","5201174","NJIT",3,"George Mason",0,"5201174",75,60,"NJIT","George Mason",15,2022-07-22
"204","5201347","Lees-McRae",0,"Emmanuel (GA)",3,"5201347",56,75,"Emmanuel (GA)","Lees-McRae",19,2022-07-23
"205","5201348","King (TN)",3,"Erskine",0,"5201348",75,50,"King (TN)","Erskine",25,2022-07-24
"206","5201378","Central St. (OH)",0,"Maryville (MO)",3,"5201378",63,75,"Maryville (MO)","Central St. (OH)",12,2022-07-25
"207","5201405","Belmont Abbey",3,"Barton",0,"5201405",75,53,"Belmont Abbey","Barton",22,2022-07-26
"208","5201419","Lincoln Memorial",3,"Queens (NC)",1,"5201419",98,73,"Lincoln Memorial","Queens (NC)",25,2022-07-27
"209","5201538","Sacred Heart",2,"Saint Francis (PA)",3,"5201538",98,101,"Saint Francis (PA)","Sacred Heart",3,2022-07-28
"210","5201577","Harvard",0,"Penn St.",3,"5201577",68,78,"Penn St.","Harvard",10,2022-07-29
"211","5201602","North Greenville",3,"Mount Olive",2,"5201602",108,108,"North Greenville","Mount Olive",0,2022-07-30
"212","5201624","Purdue Fort Wayne",3,"Lindenwood",1,"5201624",100,81,"Purdue Fort Wayne","Lindenwood",19,2022-07-31
"213","5201724","Grand Canyon",2,"UC Santa Barbara",3,"5201724",112,106,"UC Santa Barbara","Grand Canyon",-6,2022-08-01
"214","5201782","Stanford",3,"Menlo",0,"5201782",78,62,"Stanford","Menlo",16,2022-08-02
"215","5201783","Long Beach St.",3,"UCLA",0,"5201783",75,58,"Long Beach St.","UCLA",17,2022-08-03
"216","5201804","BYU",2,"UC San Diego",3,"5201804",110,119,"UC San Diego","BYU",9,2022-08-04
"217","5201817","UC Irvine",3,"Pepperdine",1,"5201817",89,91,"UC Irvine","Pepperdine",-2,2022-08-05
"218","5201872","Hawaii",3,"LIU",1,"5201872",97,67,"Hawaii","LIU",30,2022-08-06
"219","5202009","Wittenberg",0,"Maryville (MO)",3,"5202009",58,75,"Maryville (MO)","Wittenberg",17,2022-08-07
"220","5202058","Daemen",3,"American Int'l",0,"5202058",75,37,"Daemen","American Int'l",38,2022-08-08
"221","5202277","Lees-McRae",3,"Erskine",0,"5202277",76,62,"Lees-McRae","Erskine",14,2022-08-09
"222","5202279","Lincoln Memorial",3,"Limestone",0,"5202279",75,55,"Lincoln Memorial","Limestone",20,2022-08-10
"223","5202584","King (TN)",3,"Emmanuel (GA)",2,"5202584",111,94,"King (TN)","Emmanuel (GA)",17,2022-08-11
"224","5202687","Purdue Fort Wayne",3,"Quincy",0,"5202687",77,65,"Purdue Fort Wayne","Quincy",12,2022-08-12
"225","5202720","NJIT",3,"Princeton",1,"5202720",92,92,"NJIT","Princeton",0,2022-08-13
"226","5202744","Central St. (OH)",2,"Maryville (MO)",3,"5202744",116,115,"Maryville (MO)","Central St. (OH)",-1,2022-08-14
"227","5203402","D'Youville",3,"American Int'l",0,"5203402",75,43,"D'Youville","American Int'l",32,2022-08-15
"228","5203425","Lewis",3,"Ohio St.",1,"5203425",94,94,"Lewis","Ohio St.",0,2022-08-16
"229","5203474","Charleston (WV)",3,"Fort Valley St.",0,"5203474",75,41,"Charleston (WV)","Fort Valley St.",34,2022-08-17
"230","5203524","Belmont Abbey",1,"Mount Olive",3,"5203524",79,101,"Mount Olive","Belmont Abbey",22,2022-08-18
"231","5203556","St. Francis Brooklyn",3,"George Mason",2,"5203556",98,109,"St. Francis Brooklyn","George Mason",-11,2022-08-19
"232","5203606","McKendree",1,"Ball St.",3,"5203606",85,97,"Ball St.","McKendree",12,2022-08-20
"233","5203709","Loyola Chicago",3,"Lindenwood",1,"5203709",97,87,"Loyola Chicago","Lindenwood",10,2022-08-21
"234","5203776","BYU",2,"UC San Diego",3,"5203776",99,102,"UC San Diego","BYU",3,2022-08-22
"235","5203848","North Greenville",3,"Barton",2,"5203848",110,97,"North Greenville","Barton",13,2022-08-23
"236","5204016","Charleston (WV)",3,"Fort Valley St.",0,"5204016",75,37,"Charleston (WV)","Fort Valley St.",38,2022-08-24
"237","5204338","St. Francis Brooklyn",1,"Princeton",3,"5204338",88,96,"Princeton","St. Francis Brooklyn",8,2022-08-25
"238","5205605","American Int'l",0,"Sacred Heart",3,"5205605",43,75,"Sacred Heart","American Int'l",32,2022-08-26
"239","5205616","King (TN)",0,"North Greenville",3,"5205616",60,75,"North Greenville","King (TN)",15,2022-08-27
"240","5205636","Fairleigh Dickinson",0,"St. Francis Brooklyn",3,"5205636",50,79,"St. Francis Brooklyn","Fairleigh Dickinson",29,2022-08-28
"241","5205648","Erskine",3,"Emmanuel (GA)",1,"5205648",96,84,"Erskine","Emmanuel (GA)",12,2022-08-29
"242","5206261","Limestone",3,"Belmont Abbey",0,"5206261",75,59,"Limestone","Belmont Abbey",16,2022-08-30
"243","5206352","Quincy",0,"McKendree",3,"5206352",52,75,"McKendree","Quincy",23,2022-08-31
"244","5206552","Mo. Baptist",3,"Maryville (MO)",1,"5206552",97,75,"Mo. Baptist","Maryville (MO)",22,2022-09-01
"245","5207006","Ball St.",3,"Purdue Fort Wayne",2,"5207006",114,100,"Ball St.","Purdue Fort Wayne",14,2022-09-02
"246","5207009","Ohio St.",2,"Loyola Chicago",3,"5207009",114,115,"Loyola Chicago","Ohio St.",1,2022-09-03
"247","5207517","Stanford",3,"CSUN",0,"5207517",76,54,"Stanford","CSUN",22,2022-09-04
"248","5207615","Lindenwood",3,"Lewis",2,"5207615",106,105,"Lindenwood","Lewis",1,2022-09-05
"249","5207683","Saint Francis (PA)",3,"Queens (NC)",0,"5207683",75,59,"Saint Francis (PA)","Queens (NC)",16,2022-09-06
"250","5207685","LIU",3,"D'Youville",0,"5207685",75,52,"LIU","D'Youville",23,2022-09-07
"251","5207701","Sacred Heart",0,"NJIT",3,"5207701",58,75,"NJIT","Sacred Heart",17,2022-09-08
"252","5207725","Russell Sage",1,"American Int'l",3,"5207725",72,94,"American Int'l","Russell Sage",22,2022-09-09
"253","5207753","Benedict",3,"Morehouse",0,"5207753",75,50,"Benedict","Morehouse",25,2022-09-10
"254","5207904","Campbellsville",4,"Central St. (OH)",0,"5207904",103,71,"Campbellsville","Central St. (OH)",32,2022-09-11
"255","5207947","Harvard",3,"St. Francis Brooklyn",1,"5207947",96,82,"Harvard","St. Francis Brooklyn",14,2022-09-12
"256","5208058","Grand Canyon",1,"Pepperdine",3,"5208058",99,115,"Pepperdine","Grand Canyon",16,2022-09-13
"257","5208123","UC San Diego",3,"UC Santa Cruz",0,"5208123",75,61,"UC San Diego","UC Santa Cruz",14,2022-09-14
"258","5208147","UC Irvine",3,"CUI",0,"5208147",77,69,"UC Irvine","CUI",8,2022-09-15
"259","5208191","Hawaii",3,"Lincoln Memorial",0,"5208191",75,63,"Hawaii","Lincoln Memorial",12,2022-09-16
"260","5208946","Lees-McRae",1,"North Greenville",3,"5208946",85,98,"North Greenville","Lees-McRae",13,2022-09-17
"261","5209102","Maryville (MO)",2,"Graceland (IA)",0,"5209102",76,54,"Maryville (MO)","Graceland (IA)",22,2022-09-18
"262","5209307","Ball St.",1,"Loyola Chicago",3,"5209307",89,94,"Loyola Chicago","Ball St.",5,2022-09-19
"263","5209334","Limestone",3,"Edward Waters",0,"5209334",75,54,"Limestone","Edward Waters",21,2022-09-20
"264","5209359","Penn St.",3,"George Mason",0,"5209359",75,55,"Penn St.","George Mason",20,2022-09-21
"265","5209531","UHSP",1,"Maryville (MO)",3,"5209531",67,93,"Maryville (MO)","UHSP",26,2022-09-22
"266","5209576","Lindenwood",0,"McKendree",3,"5209576",65,77,"McKendree","Lindenwood",12,2022-09-23
"267","5209632","George Mason",3,"Queens (NC)",2,"5209632",106,98,"George Mason","Queens (NC)",8,2022-09-24
"268","5209807","Fairleigh Dickinson",3,"D'Youville",0,"5209807",75,68,"Fairleigh Dickinson","D'Youville",7,2022-09-25
"269","5209821","Penn St.",3,"Saint Francis (PA)",0,"5209821",75,51,"Penn St.","Saint Francis (PA)",24,2022-09-26
"270","5209883","Sacred Heart",2,"St. Francis Brooklyn",3,"5209883",100,107,"St. Francis Brooklyn","Sacred Heart",7,2022-09-27
"271","5209987","Quincy",0,"Lewis",3,"5209987",59,75,"Lewis","Quincy",16,2022-09-28
"272","5210371","UCLA",3,"Long Beach St.",2,"5210371",109,105,"UCLA","Long Beach St.",4,2022-09-29
"273","5210415","UC San Diego",3,"CUI",0,"5210415",75,63,"UC San Diego","CUI",12,2022-09-30
"274","5210463","Harvard",3,"NJIT",1,"5210463",100,85,"Harvard","NJIT",15,2022-10-01
"275","5210477","UC Santa Barbara",3,"BYU",0,"5210477",75,62,"UC Santa Barbara","BYU",13,2022-10-02
"276","5210488","Hawaii",3,"Lincoln Memorial",0,"5210488",75,44,"Hawaii","Lincoln Memorial",31,2022-10-03
"277","5210607","Belmont Abbey",3,"Erskine",0,"5210607",83,72,"Belmont Abbey","Erskine",11,2022-10-04
"278","5210653","Fairleigh Dickinson",3,"D'Youville",0,"5210653",75,51,"Fairleigh Dickinson","D'Youville",24,2022-10-05
"279","5211021","Ohio St.",3,"Purdue Fort Wayne",0,"5211021",75,62,"Ohio St.","Purdue Fort Wayne",13,2022-10-06
"280","5211064","Grand Canyon",3,"Pepperdine",1,"5211064",95,83,"Grand Canyon","Pepperdine",12,2022-10-07
"281","5211620","Hawaii",3,"Lincoln Memorial",1,"5211620",97,75,"Hawaii","Lincoln Memorial",22,2022-10-08
"282","5211759","Princeton",3,"Charleston (WV)",0,"5211759",75,59,"Princeton","Charleston (WV)",16,2022-10-09
"283","5212798","Erskine",3,"Benedict",0,"5212798",75,56,"Erskine","Benedict",19,2022-10-10
"284","5212932","St. Francis Brooklyn",3,"LIU",2,"5212932",108,104,"St. Francis Brooklyn","LIU",4,2022-10-11
"285","5213050","Ball St.",3,"Hawaii",0,"5213050",75,57,"Ball St.","Hawaii",18,2022-10-12
"286","5213053","Ball St.",3,"Hawaii",2,"5213053",111,104,"Ball St.","Hawaii",7,2022-10-13
"287","5213283","D'Youville",3,"SUNY Potsdam",0,"5213283",75,54,"D'Youville","SUNY Potsdam",21,2022-10-14
"288","5213469","North Greenville",3,"Bluefield Col.",0,"5213469",75,55,"North Greenville","Bluefield Col.",20,2022-10-15
"289","5213496","Daemen",3,"Nazareth",1,"5213496",93,83,"Daemen","Nazareth",10,2022-10-16
"290","5213567","Barton",0,"Mount Olive",3,"5213567",44,75,"Mount Olive","Barton",31,2022-10-17
"291","5213790","Maryville (MO)",3,"Fontbonne",1,"5213790",95,91,"Maryville (MO)","Fontbonne",4,2022-10-18
"292","5213874","CSUN",3,"St. Katherine",0,"5213874",75,55,"CSUN","St. Katherine",20,2022-10-19
"293","5213893","UCLA",3,"CUI",1,"5213893",95,80,"UCLA","CUI",15,2022-10-20
"294","5213914","Pepperdine",3,"Southern California",2,"5213914",115,107,"Pepperdine","Southern California",8,2022-10-21
"295","5213988","Belmont Abbey",3,"Lees-McRae",0,"5213988",75,59,"Belmont Abbey","Lees-McRae",16,2022-10-22
"296","5214290","Queens (NC)",3,"Limestone",1,"5214290",99,89,"Queens (NC)","Limestone",10,2022-10-23
"297","5214381","Ball St.",3,"Lindenwood",1,"5214381",98,90,"Ball St.","Lindenwood",8,2022-10-24
"298","5214448","Lewis",0,"Purdue Fort Wayne",3,"5214448",68,75,"Purdue Fort Wayne","Lewis",7,2022-10-25
"299","5214492","McKendree",3,"Loyola Chicago",2,"5214492",106,98,"McKendree","Loyola Chicago",8,2022-10-26
"300","5214596","UC Santa Barbara",3,"UC San Diego",1,"5214596",98,85,"UC Santa Barbara","UC San Diego",13,2022-10-27
"301","5214638","Ohio St.",3,"Quincy",0,"5214638",75,53,"Ohio St.","Quincy",22,2022-10-28
"302","5214663","Daemen",3,"Elmira",0,"5214663",75,62,"Daemen","Elmira",13,2022-10-29
"303","5214792","UC Santa Barbara",3,"BYU",1,"5214792",105,100,"UC Santa Barbara","BYU",5,2022-10-30
"304","5215106","Mount Olive",3,"King (TN)",2,"5215106",117,109,"Mount Olive","King (TN)",8,2022-10-31
"305","5215113","NJIT",3,"Saint Francis (PA)",0,"5215113",75,63,"NJIT","Saint Francis (PA)",12,2022-11-01
"306","5215130","Ball St.",3,"Quincy",0,"5215130",75,58,"Ball St.","Quincy",17,2022-11-02
"307","5215165","D'Youville",0,"Central St. (OH)",3,"5215165",58,75,"Central St. (OH)","D'Youville",17,2022-11-03
"308","5215180","Ohio St.",3,"Lindenwood",0,"5215180",75,55,"Ohio St.","Lindenwood",20,2022-11-04
"309","5215181","St. Francis Brooklyn",0,"Penn St.",3,"5215181",57,77,"Penn St.","St. Francis Brooklyn",20,2022-11-05
"310","5215190","McRae",2,"Lees",3,"5215190",121,125,"Lees","McRae",4,2022-11-06
"311","5215337","Queens (NC)",3,"Belmont Abbey",2,"5215337",105,91,"Queens (NC)","Belmont Abbey",14,2022-11-07
"312","5215344","Charleston (WV)",3,"Sacred Heart",1,"5215344",94,90,"Charleston (WV)","Sacred Heart",4,2022-11-08
"313","5215351","George Mason",3,"Fairleigh Dickinson",1,"5215351",103,88,"George Mason","Fairleigh Dickinson",15,2022-11-09
"314","5215554","BYU",1,"Grand Canyon",3,"5215554",85,96,"Grand Canyon","BYU",11,2022-11-10
"315","5215582","CUI",0,"UCLA",3,"5215582",48,75,"UCLA","CUI",27,2022-11-11
"316","5215618","Long Beach St.",3,"Stanford",0,"5215618",75,59,"Long Beach St.","Stanford",16,2022-11-12
"317","5215631","Southern California",3,"Pepperdine",1,"5215631",97,87,"Southern California","Pepperdine",10,2022-11-13
"318","5215760","Mount Olive",3,"Lees-McRae",1,"5215760",98,65,"Mount Olive","Lees-McRae",33,2022-11-14
"319","5215795","Sacred Heart",0,"Penn St.",3,"5215795",46,75,"Penn St.","Sacred Heart",29,2022-11-15
"320","5215807","Kentucky St.",0,"Maryville (MO)",3,"5215807",50,76,"Maryville (MO)","Kentucky St.",26,2022-11-16
"321","5215893","Daemen",3,"Central St. (OH)",0,"5215893",75,61,"Daemen","Central St. (OH)",14,2022-11-17
"322","5216050","Charleston (WV)",2,"Sacred Heart",3,"5216050",108,105,"Sacred Heart","Charleston (WV)",-3,2022-11-18
"323","5216151","Emmanuel (GA)",3,"Belmont Abbey",1,"5216151",94,85,"Emmanuel (GA)","Belmont Abbey",9,2022-11-19
"324","5216210","Kentucky St.",0,"Maryville (MO)",3,"5216210",55,75,"Maryville (MO)","Kentucky St.",20,2022-11-20
"325","5216353","North Greenville",3,"Erskine",0,"5216353",75,55,"North Greenville","Erskine",20,2022-11-21
"326","5216589","Randolph-Macon",3,"Tusculum",1,"5216589",100,91,"Randolph-Macon","Tusculum",9,2022-11-22
"327","5216883","Reinhardt",3,"Emmanuel (GA)",1,"5216883",96,82,"Reinhardt","Emmanuel (GA)",14,2022-11-23
"328","5216884","George Mason",2,"Princeton",3,"5216884",103,109,"Princeton","George Mason",6,2022-11-24
"329","5217062","Purdue Fort Wayne",3,"McKendree",2,"5217062",114,111,"Purdue Fort Wayne","McKendree",3,2022-11-25
"330","5217161","Alderson Broaddus",1,"Fairleigh Dickinson",3,"5217161",85,93,"Fairleigh Dickinson","Alderson Broaddus",8,2022-11-26
"331","5217205","St. Francis Brooklyn",0,"Saint Francis (PA)",3,"5217205",66,75,"Saint Francis (PA)","St. Francis Brooklyn",9,2022-11-27
"332","5217250","NJIT",2,"Penn St.",3,"5217250",102,104,"Penn St.","NJIT",2,2022-11-28
"333","5217426","Loyola Chicago",3,"Lewis",0,"5217426",75,62,"Loyola Chicago","Lewis",13,2022-11-29
"334","5217581","BYU",2,"Grand Canyon",3,"5217581",120,123,"Grand Canyon","BYU",3,2022-11-30
"335","5217590","CSUN",3,"Stanford",1,"5217590",101,86,"CSUN","Stanford",15,2022-12-01
"336","5217866","Nichols",3,"American Int'l",0,"5217866",77,60,"Nichols","American Int'l",17,2022-12-02
"337","5217882","Nichols",3,"American Int'l",0,"5217882",77,60,"Nichols","American Int'l",17,2022-12-03
"338","5217986","LIU",0,"Saint Francis (PA)",3,"5217986",60,75,"Saint Francis (PA)","LIU",15,2022-12-04
"339","5218320","Nichols",3,"American Int'l",1,"5218320",99,76,"Nichols","American Int'l",23,2022-12-05
"340","5219085","Saint Francis (PA)",3,"George Mason",0,"5219085",79,67,"Saint Francis (PA)","George Mason",12,2022-12-06
"341","5219115","Alderson Broaddus",1,"Fairleigh Dickinson",3,"5219115",87,98,"Fairleigh Dickinson","Alderson Broaddus",11,2022-12-07
"342","5219643","Emmanuel (GA)",3,"Edward Waters",1,"5219643",105,92,"Emmanuel (GA)","Edward Waters",13,2022-12-08
"343","5219830","Reinhardt",3,"Morehouse",0,"5219830",75,20,"Reinhardt","Morehouse",55,2022-12-09
"344","5219982","Reinhardt",0,"Belmont Abbey",2,"5219982",63,71,"Belmont Abbey","Reinhardt",8,2022-12-10
"345","5220091","Randolph-Macon",3,"Alderson Broaddus",0,"5220091",75,46,"Randolph-Macon","Alderson Broaddus",29,2022-12-11
"346","5220292","Erskine",0,"Limestone",3,"5220292",60,77,"Limestone","Erskine",17,2022-12-12
"347","5220356","Tusculum",0,"Lincoln Memorial",3,"5220356",55,75,"Lincoln Memorial","Tusculum",20,2022-12-13
"348","5221132","Daemen",3,"D'Youville",1,"5221132",101,66,"Daemen","D'Youville",35,2022-12-14
"349","5221284","King (TN)",3,"Belmont Abbey",2,"5221284",110,102,"King (TN)","Belmont Abbey",8,2022-12-15
"350","5221316","North Greenville",3,"Emmanuel (GA)",1,"5221316",100,89,"North Greenville","Emmanuel (GA)",11,2022-12-16
"351","5221336","Lewis",3,"Benedictine (IL)",0,"5221336",75,61,"Lewis","Benedictine (IL)",14,2022-12-17
"352","5221356","McRae",3,"Lees",0,"5221356",75,66,"McRae","Lees",9,2022-12-18
"353","5221394","Fontbonne",3,"Maryville (MO)",1,"5221394",93,79,"Fontbonne","Maryville (MO)",14,2022-12-19
"354","5221404","Barton",1,"Queens (NC)",3,"5221404",84,98,"Queens (NC)","Barton",14,2022-12-20
"355","5221608","UC San Diego",3,"Hawaii",2,"5221608",108,106,"UC San Diego","Hawaii",2,2022-12-21
"356","5222400","Lindenwood",3,"Quincy",2,"5222400",107,91,"Lindenwood","Quincy",16,2022-12-22
"357","5222432","CSUN",0,"NJIT",3,"5222432",73,81,"NJIT","CSUN",8,2022-12-23
"358","5222470","CUI",3,"Stanford",2,"5222470",104,104,"CUI","Stanford",0,2022-12-24
"359","5222739","UCLA",3,"Grand Canyon",0,"5222739",75,54,"UCLA","Grand Canyon",21,2022-12-25
"360","5223145","American Int'l",0,"Fairleigh Dickinson",3,"5223145",54,75,"Fairleigh Dickinson","American Int'l",21,2022-12-26
"361","5223186","Penn St.",3,"Charleston (WV)",0,"5223186",75,45,"Penn St.","Charleston (WV)",30,2022-12-27
"362","5223187","Fort Valley St.",2,"Central St. (OH)",3,"5223187",103,111,"Central St. (OH)","Fort Valley St.",8,2022-12-28
"363","5223199","North Greenville",2,"Limestone",3,"5223199",96,100,"Limestone","North Greenville",4,2022-12-29
"364","5223307","Erskine",3,"Edward Waters",1,"5223307",101,82,"Erskine","Edward Waters",19,2022-12-30
"365","5223318","Sacred Heart",1,"George Mason",3,"5223318",84,99,"George Mason","Sacred Heart",15,2022-12-31
"366","5223375","Lewis",3,"Emmanuel (GA)",0,"5223375",75,53,"Lewis","Emmanuel (GA)",22,2023-01-01
"367","5223392","UCLA",3,"Grand Canyon",0,"5223392",75,59,"UCLA","Grand Canyon",16,2023-01-02
"368","5223464","Barton",1,"Tusculum",3,"5223464",90,94,"Tusculum","Barton",4,2023-01-03
"369","5223496","Loyola Chicago",3,"Purdue Fort Wayne",0,"5223496",75,61,"Loyola Chicago","Purdue Fort Wayne",14,2023-01-04
"370","5223565","Morehouse",0,"Kentucky St.",3,"5223565",63,76,"Kentucky St.","Morehouse",13,2023-01-05
"371","5223568","Harvard",3,"Princeton",1,"5223568",98,94,"Harvard","Princeton",4,2023-01-06
"372","5223618","UC Santa Barbara",3,"LIU",0,"5223618",75,48,"UC Santa Barbara","LIU",27,2023-01-07
"373","5223643","UC San Diego",0,"Hawaii",3,"5223643",61,75,"Hawaii","UC San Diego",14,2023-01-08
"374","5223691","Southern California",3,"BYU",1,"5223691",93,87,"Southern California","BYU",6,2023-01-09
"375","5223714","Long Beach St.",3,"NJIT",1,"5223714",98,77,"Long Beach St.","NJIT",21,2023-01-10
"376","5223715","CUI",3,"Stanford",1,"5223715",99,92,"CUI","Stanford",7,2023-01-11
"377","5224157","Fort Valley St.",3,"Kentucky St.",0,"5224157",75,53,"Fort Valley St.","Kentucky St.",22,2023-01-12
"378","5224408","Edward Waters",3,"Benedict",0,"5224408",76,61,"Edward Waters","Benedict",15,2023-01-13
"379","5224477","Morehouse",0,"Central St. (OH)",3,"5224477",26,75,"Central St. (OH)","Morehouse",49,2023-01-14
"380","5224533","Maryville (MO)",3,"Cornerstone",1,"5224533",98,81,"Maryville (MO)","Cornerstone",17,2023-01-15
"381","5224543","Queens (NC)",0,"King (TN)",3,"5224543",54,75,"King (TN)","Queens (NC)",21,2023-01-16
"382","5224650","Quincy",0,"Lindenwood",3,"5224650",57,75,"Lindenwood","Quincy",18,2023-01-17
"383","5224829","Sacred Heart",2,"George Mason",3,"5224829",108,103,"George Mason","Sacred Heart",-5,2023-01-18
"384","5224979","Ohio St.",3,"Lincoln Memorial",0,"5224979",81,60,"Ohio St.","Lincoln Memorial",21,2023-01-19
"385","5225078","McKendree",3,"Pepperdine",2,"5225078",110,102,"McKendree","Pepperdine",8,2023-01-20
"386","5225185","Southern California",3,"BYU",0,"5225185",75,45,"Southern California","BYU",30,2023-01-21
"387","5225320","Long Beach St.",3,"LIU",0,"5225320",75,47,"Long Beach St.","LIU",28,2023-01-22
"388","5225325","Harvard",3,"Princeton",1,"5225325",97,79,"Harvard","Princeton",18,2023-01-23
"389","5225425","Maryville (MO)",3,"Thomas More",1,"5225425",91,81,"Maryville (MO)","Thomas More",10,2023-01-24
"390","5225429","CUI",2,"UC Irvine",3,"5225429",99,111,"UC Irvine","CUI",12,2023-01-25
"391","5225562","Loyola Chicago",3,"Emmanuel (GA)",0,"5225562",82,71,"Loyola Chicago","Emmanuel (GA)",11,2023-01-26
"392","5225614","Cumberland (TN)",3,"Maryville (MO)",2,"5225614",99,100,"Cumberland (TN)","Maryville (MO)",-1,2023-01-27
"393","5226252","Ohio St.",3,"Lincoln Memorial",0,"5226252",75,56,"Ohio St.","Lincoln Memorial",19,2023-01-28
"394","5227088","McKendree",0,"Pepperdine",3,"5227088",60,75,"Pepperdine","McKendree",15,2023-01-29
"395","5227305","Emmanuel (GA)",2,"Tusculum",3,"5227305",109,114,"Tusculum","Emmanuel (GA)",5,2023-01-30
"396","5227680","Fort Valley St.",0,"Maryville (MO)",3,"5227680",69,76,"Maryville (MO)","Fort Valley St.",7,2023-01-31
"397","5227721","Erskine",3,"Alderson Broaddus",0,"5227721",75,59,"Erskine","Alderson Broaddus",16,2023-02-01
"398","5228552","Morehouse",0,"Maryville (MO)",3,"5228552",35,75,"Maryville (MO)","Morehouse",40,2023-02-02
"399","5228580","St. Francis Brooklyn",3,"Edward Waters",1,"5228580",97,84,"St. Francis Brooklyn","Edward Waters",13,2023-02-03
"400","5228582","Sacred Heart",3,"American Int'l",0,"5228582",75,38,"Sacred Heart","American Int'l",37,2023-02-04
"401","5228621","Benedict",0,"Erskine",3,"5228621",50,75,"Erskine","Benedict",25,2023-02-05
"402","5228660","Ohio St.",0,"Penn St.",3,"5228660",65,75,"Penn St.","Ohio St.",10,2023-02-06
"403","5228741","Morehouse",0,"Maryville (MO)",3,"5228741",35,75,"Maryville (MO)","Morehouse",40,2023-02-07
"404","5229265","UC Santa Barbara",3,"Cal Lutheran",0,"5229265",75,47,"UC Santa Barbara","Cal Lutheran",28,2023-02-08
"405","5229418","Lees-McRae",3,"Alderson Broaddus",0,"5229418",75,56,"Lees-McRae","Alderson Broaddus",19,2023-02-09
"406","5229503","Benedict",1,"Maryville (MO)",3,"5229503",82,93,"Maryville (MO)","Benedict",11,2023-02-10
"407","5229518","Benedict",3,"Maryville (MO)",1,"5229518",104,89,"Benedict","Maryville (MO)",15,2023-02-11
"408","5229558","LIU",3,"Edward Waters",0,"5229558",82,68,"LIU","Edward Waters",14,2023-02-12
"409","5229780","CUI",1,"UC San Diego",3,"5229780",98,103,"UC San Diego","CUI",5,2023-02-13
"410","5229785","Southern California",3,"George Mason",0,"5229785",75,52,"Southern California","George Mason",23,2023-02-14
"411","5229843","Vanguard",1,"CUI",3,"5229843",90,102,"CUI","Vanguard",12,2023-02-15
"412","5230361","Tusculum",0,"King (TN)",3,"5230361",67,79,"King (TN)","Tusculum",12,2023-02-16
"413","5230503","UC Santa Barbara",3,"CSUN",0,"5230503",75,52,"UC Santa Barbara","CSUN",23,2023-02-17
"414","5230538","UC Irvine",3,"Long Beach St.",2,"5230538",107,101,"UC Irvine","Long Beach St.",6,2023-02-18
"415","5230553","Hawaii",3,"Lewis",0,"5230553",75,55,"Hawaii","Lewis",20,2023-02-19
"416","5230847","Saint Francis (PA)",3,"Charleston (WV)",1,"5230847",98,86,"Saint Francis (PA)","Charleston (WV)",12,2023-02-20
"417","5231238","Limestone",0,"McKendree",3,"5231238",62,75,"McKendree","Limestone",13,2023-02-21
"418","5231372","Kentucky St.",0,"Edward Waters",3,"5231372",47,75,"Edward Waters","Kentucky St.",28,2023-02-22
"419","5231465","Saint Francis (PA)",3,"Fairleigh Dickinson",0,"5231465",75,63,"Saint Francis (PA)","Fairleigh Dickinson",12,2023-02-23
"420","5231509","NJIT",1,"Ball St.",3,"5231509",110,115,"Ball St.","NJIT",5,2023-02-24
"421","5231513","Charleston (WV)",0,"Purdue Fort Wayne",3,"5231513",59,75,"Purdue Fort Wayne","Charleston (WV)",16,2023-02-25
"422","5231517","Central St. (OH)",3,"Benedict",0,"5231517",75,58,"Central St. (OH)","Benedict",17,2023-02-26
"423","5231537","Emmanuel (GA)",3,"Alderson Broaddus",1,"5231537",98,78,"Emmanuel (GA)","Alderson Broaddus",20,2023-02-27
"424","5231589","SUNY New Paltz",3,"St. Francis Brooklyn",2,"5231589",99,86,"SUNY New Paltz","St. Francis Brooklyn",13,2023-02-28
"425","5231649","BYU",3,"CUI",0,"5231649",75,47,"BYU","CUI",28,2023-03-01
"426","5231676","Pepperdine",3,"George Mason",0,"5231676",75,49,"Pepperdine","George Mason",26,2023-03-02
"427","5231714","Lindenwood",3,"Lincoln Memorial",2,"5231714",106,106,"Lindenwood","Lincoln Memorial",0,2023-03-03
"428","5231829","Southern California",3,"Vanguard",1,"5231829",96,84,"Southern California","Vanguard",12,2023-03-04
"429","5231833","Long Beach St.",3,"UC Irvine",0,"5231833",75,60,"Long Beach St.","UC Irvine",15,2023-03-05
"430","5231848","Stanford",3,"UCLA",2,"5231848",110,100,"Stanford","UCLA",10,2023-03-06
"431","5231897","Sacred Heart",2,"LIU",3,"5231897",104,102,"LIU","Sacred Heart",-2,2023-03-07
"432","5232003","Limestone",3,"Quincy",1,"5232003",93,74,"Limestone","Quincy",19,2023-03-08
"433","5232040","CSUN",0,"UC Santa Barbara",3,"5232040",60,75,"UC Santa Barbara","CSUN",15,2023-03-09
"434","5232092","Kentucky St.",0,"Benedict",3,"5232092",41,75,"Benedict","Kentucky St.",34,2023-03-10
"435","5232198","McKendree",0,"Lincoln Memorial",3,"5232198",64,75,"Lincoln Memorial","McKendree",11,2023-03-11
"436","5232312","Grand Canyon",2,"UC Santa Barbara",3,"5232312",97,106,"UC Santa Barbara","Grand Canyon",9,2023-03-12
"437","5232380","Central St. (OH)",0,"Purdue Fort Wayne",3,"5232380",59,75,"Purdue Fort Wayne","Central St. (OH)",16,2023-03-13
"438","5232422","Tusculum",1,"Indiana Tech",3,"5232422",73,95,"Indiana Tech","Tusculum",22,2023-03-14
"439","5232462","Princeton",0,"Ball St.",3,"5232462",59,76,"Ball St.","Princeton",17,2023-03-15
"440","5232492","Charleston (WV)",2,"King (TN)",3,"5232492",110,108,"King (TN)","Charleston (WV)",-2,2023-03-16
"441","5232517","Emmanuel (GA)",3,"Fort Valley St.",1,"5232517",96,79,"Emmanuel (GA)","Fort Valley St.",17,2023-03-17
"442","5232662","Saint Francis (PA)",3,"Ohio St.",1,"5232662",95,93,"Saint Francis (PA)","Ohio St.",2,2023-03-18
"443","5232684","Grand Canyon",3,"Harvard",0,"5232684",75,56,"Grand Canyon","Harvard",19,2023-03-19
"444","5232805","Stanford",1,"UCLA",3,"5232805",86,97,"UCLA","Stanford",11,2023-03-20
"445","5232809","BYU",3,"CUI",1,"5232809",94,86,"BYU","CUI",8,2023-03-21
"446","5232826","UC Irvine",3,"George Mason",1,"5232826",98,84,"UC Irvine","George Mason",14,2023-03-22
"447","5232849","Hawaii",3,"Lewis",1,"5232849",103,90,"Hawaii","Lewis",13,2023-03-23
"448","5232863","Central St. (OH)",3,"Edward Waters",1,"5232863",97,75,"Central St. (OH)","Edward Waters",22,2023-03-24
"449","5232973","Lindenwood",3,"Limestone",2,"5232973",106,98,"Lindenwood","Limestone",8,2023-03-25
"450","5233214","Loyola Chicago",3,"Daemen",1,"5233214",101,89,"Loyola Chicago","Daemen",12,2023-03-26
"451","5233405","Penn St.",3,"Ohio St.",1,"5233405",98,81,"Penn St.","Ohio St.",17,2023-03-27
"452","5233426","Lincoln Memorial",2,"Quincy",3,"5233426",113,111,"Quincy","Lincoln Memorial",-2,2023-03-28
"453","5233779","Grand Canyon",3,"Harvard",0,"5233779",75,60,"Grand Canyon","Harvard",15,2023-03-29
"454","5234534","Limestone",3,"Barton",1,"5234534",93,74,"Limestone","Barton",19,2023-03-30
"455","5234888","Benedictine (IL)",0,"Daemen",3,"5234888",65,75,"Daemen","Benedictine (IL)",10,2023-03-31
"456","5235022","Loyola Chicago",3,"Saint Francis (PA)",0,"5235022",75,58,"Loyola Chicago","Saint Francis (PA)",17,2023-04-01
"457","5235024","Harvard",1,"Saint Francis (PA)",3,"5235024",92,96,"Saint Francis (PA)","Harvard",4,2023-04-02
"458","5236480","Benedict",1,"Fort Valley St.",3,"5236480",83,99,"Fort Valley St.","Benedict",16,2023-04-03
"459","5236564","North Greenville",3,"King (TN)",0,"5236564",75,63,"North Greenville","King (TN)",12,2023-04-04
"460","5236671","Lees-McRae",3,"Belmont Abbey",2,"5236671",104,100,"Lees-McRae","Belmont Abbey",4,2023-04-05
"461","5236718","Ohio St.",2,"Ball St.",3,"5236718",112,105,"Ball St.","Ohio St.",-7,2023-04-06
"462","5236862","Morehouse",0,"Reinhardt",3,"5236862",46,75,"Reinhardt","Morehouse",29,2023-04-07
"463","5236864","Pepperdine",3,"CSUN",0,"5236864",75,57,"Pepperdine","CSUN",18,2023-04-08
"464","5237432","Purdue Fort Wayne",3,"Daemen",2,"5237432",105,99,"Purdue Fort Wayne","Daemen",6,2023-04-09
"465","5237453","Alderson Broaddus",1,"Limestone",3,"5237453",77,95,"Limestone","Alderson Broaddus",18,2023-04-10
"466","5237503","Lewis",3,"McKendree",1,"5237503",119,100,"Lewis","McKendree",19,2023-04-11
"467","5237530","CUI",3,"Ottawa (KS)",0,"5237530",75,50,"CUI","Ottawa (KS)",25,2023-04-12
"468","5237896","Alderson Broaddus",0,"Limestone",3,"5237896",54,75,"Limestone","Alderson Broaddus",21,2023-04-13
"469","5238170","Mount Union",1,"Daemen",3,"5238170",84,101,"Daemen","Mount Union",17,2023-04-14
"470","5238209","SUNY Potsdam",0,"D'Youville",3,"5238209",58,75,"D'Youville","SUNY Potsdam",17,2023-04-15
"471","5238239","NJIT",3,"Charleston (WV)",0,"5238239",76,61,"NJIT","Charleston (WV)",15,2023-04-16
"472","5238243","Queens (NC)",0,"North Greenville",3,"5238243",53,75,"North Greenville","Queens (NC)",22,2023-04-17
"473","5238316","Fort Valley St.",3,"Morehouse",0,"5238316",75,38,"Fort Valley St.","Morehouse",37,2023-04-18
"474","5238351","Erskine",0,"Mount Olive",3,"5238351",60,76,"Mount Olive","Erskine",16,2023-04-19
"475","5238385","Emmanuel (GA)",3,"Barton",1,"5238385",95,78,"Emmanuel (GA)","Barton",17,2023-04-20
"476","5238410","Sacred Heart",1,"Harvard",3,"5238410",77,98,"Harvard","Sacred Heart",21,2023-04-21
"477","5238423","Princeton",1,"Penn St.",3,"5238423",85,98,"Penn St.","Princeton",13,2023-04-22
"478","5238547","Grand Canyon",3,"Tusculum",0,"5238547",75,49,"Grand Canyon","Tusculum",26,2023-04-23
"479","5238623","CSUN",0,"Pepperdine",3,"5238623",42,75,"Pepperdine","CSUN",33,2023-04-24
"480","5238634","Southern California",3,"Menlo",0,"5238634",75,53,"Southern California","Menlo",22,2023-04-25
"481","5238662","Long Beach St.",3,"CUI",0,"5238662",77,62,"Long Beach St.","CUI",15,2023-04-26
"482","5238930","Elmira",3,"D'Youville",2,"5238930",118,114,"Elmira","D'Youville",4,2023-04-27
"483","5238988","Emmanuel (GA)",0,"Mount Olive",3,"5238988",56,75,"Mount Olive","Emmanuel (GA)",19,2023-04-28
"484","5239102","Belmont Abbey",3,"Rutgers-Newark",0,"5239102",78,58,"Belmont Abbey","Rutgers-Newark",20,2023-04-29
"485","5239216","D'Youville",3,"NVU-Johnson",0,"5239216",75,60,"D'Youville","NVU-Johnson",15,2023-04-30
"486","5239301","Erskine",3,"Barton",2,"5239301",110,92,"Erskine","Barton",18,2023-05-01
"487","5239311","Morehouse",0,"Benedict",3,"5239311",37,75,"Benedict","Morehouse",38,2023-05-02
"488","5239499","King (TN)",3,"Queens (NC)",2,"5239499",118,120,"King (TN)","Queens (NC)",-2,2023-05-03
"489","5239750","NJIT",3,"Charleston (WV)",2,"5239750",109,103,"NJIT","Charleston (WV)",6,2023-05-04
"490","5239759","Princeton",3,"Saint Francis (PA)",0,"5239759",76,62,"Princeton","Saint Francis (PA)",14,2023-05-05
"491","5239886","Harvard",3,"Sacred Heart",1,"5239886",98,82,"Harvard","Sacred Heart",16,2023-05-06
"492","5239895","Purdue Fort Wayne",1,"Loyola Chicago",3,"5239895",90,101,"Loyola Chicago","Purdue Fort Wayne",11,2023-05-07
"493","5240046","McKendree",3,"Lewis",2,"5240046",106,96,"McKendree","Lewis",10,2023-05-08
"494","5240066","Grand Canyon",3,"Tusculum",0,"5240066",75,48,"Grand Canyon","Tusculum",27,2023-05-09
"495","5240171","Ball St.",3,"Ohio St.",1,"5240171",99,87,"Ball St.","Ohio St.",12,2023-05-10
"496","5240208","Barton",0,"King (TN)",3,"5240208",56,75,"King (TN)","Barton",19,2023-05-11
"497","5240307","Benedictine Mesa",3,"Tusculum",1,"5240307",95,82,"Benedictine Mesa","Tusculum",13,2023-05-12
"498","5240418","George Mason",3,"Saint Francis (PA)",0,"5240418",75,62,"George Mason","Saint Francis (PA)",13,2023-05-13
"499","5240883","George Mason",0,"Penn St.",3,"5240883",52,75,"Penn St.","George Mason",23,2023-05-14
"500","5240945","Fort Valley St.",1,"Edward Waters",3,"5240945",78,98,"Edward Waters","Fort Valley St.",20,2023-05-15
"501","5242697","Emmanuel (GA)",0,"Lincoln Memorial",3,"5242697",55,76,"Lincoln Memorial","Emmanuel (GA)",21,2023-05-16
"502","5243039","Benedict",3,"Lees-McRae",0,"5243039",76,66,"Benedict","Lees-McRae",10,2023-05-17
"503","5243049","Belmont Abbey",3,"North Greenville",0,"5243049",77,62,"Belmont Abbey","North Greenville",15,2023-05-18
"504","5243075","Sacred Heart",3,"Eastern Nazarene",1,"5243075",98,80,"Sacred Heart","Eastern Nazarene",18,2023-05-19
"505","5243893","Princeton",3,"St. Francis Brooklyn",0,"5243893",75,54,"Princeton","St. Francis Brooklyn",21,2023-05-20
"506","5244440","CSUN",3,"Cal Lutheran",0,"5244440",75,44,"CSUN","Cal Lutheran",31,2023-05-21
"507","5244607","Purdue Fort Wayne",0,"Lewis",3,"5244607",63,75,"Lewis","Purdue Fort Wayne",12,2023-05-22
"508","5244635","Morehouse",0,"Edward Waters",3,"5244635",42,76,"Edward Waters","Morehouse",34,2023-05-23
"509","5244647","Loyola Chicago",2,"McKendree",3,"5244647",107,103,"McKendree","Loyola Chicago",-4,2023-05-24
"510","5245261","Kentucky St.",1,"Alderson Broaddus",3,"5245261",78,95,"Alderson Broaddus","Kentucky St.",17,2023-05-25
"511","5245337","LIU",3,"American Int'l",0,"5245337",75,42,"LIU","American Int'l",33,2023-05-26
"512","5245366","Erskine",3,"Lees-McRae",0,"5245366",75,63,"Erskine","Lees-McRae",12,2023-05-27
"513","5245367","Queens (NC)",0,"Lincoln Memorial",3,"5245367",59,77,"Lincoln Memorial","Queens (NC)",18,2023-05-28
"514","5245376","Penn St.",3,"Harvard",0,"5245376",75,49,"Penn St.","Harvard",26,2023-05-29
"515","5245380","Mount Olive",3,"Belmont Abbey",0,"5245380",75,61,"Mount Olive","Belmont Abbey",14,2023-05-30
"516","5245383","Morehouse",0,"UCLA",3,"5245383",22,75,"UCLA","Morehouse",53,2023-05-31
"517","5245406","Emmanuel (GA)",1,"King (TN)",3,"5245406",86,94,"King (TN)","Emmanuel (GA)",8,2023-06-01
"518","5245408","D'Youville",3,"Fairleigh Dickinson",1,"5245408",94,87,"D'Youville","Fairleigh Dickinson",7,2023-06-02
"519","5245477","Saint Francis (PA)",2,"Sacred Heart",3,"5245477",107,110,"Sacred Heart","Saint Francis (PA)",3,2023-06-03
"520","5245489","Quincy",0,"Ball St.",3,"5245489",57,77,"Ball St.","Quincy",20,2023-06-04
"521","5245492","George Mason",3,"NJIT",1,"5245492",108,104,"George Mason","NJIT",4,2023-06-05
"522","5245541","Barton",0,"North Greenville",3,"5245541",56,75,"North Greenville","Barton",19,2023-06-06
"523","5245597","Lindenwood",3,"Ohio St.",2,"5245597",112,112,"Lindenwood","Ohio St.",0,2023-06-07
"524","5245660","Long Beach St.",3,"UC Santa Barbara",1,"5245660",97,79,"Long Beach St.","UC Santa Barbara",18,2023-06-08
"525","5245661","Pepperdine",2,"BYU",3,"5245661",118,119,"BYU","Pepperdine",1,2023-06-09
"526","5245665","CUI",3,"Grand Canyon",0,"5245665",86,78,"CUI","Grand Canyon",8,2023-06-10
"527","5245669","Stanford",3,"Southern California",1,"5245669",98,86,"Stanford","Southern California",12,2023-06-11
"528","5245678","UC San Diego",3,"UC Irvine",1,"5245678",103,98,"UC San Diego","UC Irvine",5,2023-06-12
"529","5245708","Hawaii",3,"CSUN",1,"5245708",98,84,"Hawaii","CSUN",14,2023-06-13
"530","5246041","King's (PA)",3,"American Int'l",0,"5246041",75,48,"King's (PA)","American Int'l",27,2023-06-14
"531","5246078","Kentucky St.",0,"Central St. (OH)",3,"5246078",45,75,"Central St. (OH)","Kentucky St.",30,2023-06-15
"532","5246168","Barton",0,"Belmont Abbey",3,"5246168",52,75,"Belmont Abbey","Barton",23,2023-06-16
"533","5246172","Erskine",0,"King (TN)",3,"5246172",70,79,"King (TN)","Erskine",9,2023-06-17
"534","5246205","Emmanuel (GA)",3,"Lees-McRae",0,"5246205",78,68,"Emmanuel (GA)","Lees-McRae",10,2023-06-18
"535","5246252","Limestone",0,"Lincoln Memorial",3,"5246252",70,78,"Lincoln Memorial","Limestone",8,2023-06-19
"536","5246405","Queens (NC)",3,"Tusculum",1,"5246405",104,91,"Queens (NC)","Tusculum",13,2023-06-20
"537","5246428","Mount Olive",2,"North Greenville",3,"5246428",105,113,"North Greenville","Mount Olive",8,2023-06-21
"538","5246434","Widener",3,"American Int'l",0,"5246434",75,53,"Widener","American Int'l",22,2023-06-22
"539","5246466","Alderson Broaddus",0,"Central St. (OH)",3,"5246466",41,75,"Central St. (OH)","Alderson Broaddus",34,2023-06-23
"540","5246602","Daemen",3,"Fairleigh Dickinson",0,"5246602",75,50,"Daemen","Fairleigh Dickinson",25,2023-06-24
"541","5246888","Saint Francis (PA)",1,"Harvard",3,"5246888",107,111,"Harvard","Saint Francis (PA)",4,2023-06-25
"542","5247012","Fort Valley St.",0,"UCLA",3,"5247012",29,75,"UCLA","Fort Valley St.",46,2023-06-26
"543","5247020","Princeton",3,"NJIT",1,"5247020",95,87,"Princeton","NJIT",8,2023-06-27
"544","5247152","McKendree",3,"Purdue Fort Wayne",1,"5247152",99,86,"McKendree","Purdue Fort Wayne",13,2023-06-28
"545","5247221","Lindenwood",0,"Ball St.",3,"5247221",59,75,"Ball St.","Lindenwood",16,2023-06-29
"546","5247328","Quincy",0,"Ohio St.",3,"5247328",62,77,"Ohio St.","Quincy",15,2023-06-30
"547","5247330","Lewis",0,"Loyola Chicago",3,"5247330",59,76,"Loyola Chicago","Lewis",17,2023-07-01
"548","5247416","Pepperdine",3,"BYU",0,"5247416",75,62,"Pepperdine","BYU",13,2023-07-02
"549","5247432","Stanford",1,"Southern California",3,"5247432",85,98,"Southern California","Stanford",13,2023-07-03
"550","5247440","UC Santa Barbara",0,"Long Beach St.",3,"5247440",67,76,"Long Beach St.","UC Santa Barbara",9,2023-07-04
"551","5247457","CUI",1,"Grand Canyon",3,"5247457",89,93,"Grand Canyon","CUI",4,2023-07-05
"552","5247461","UC Irvine",2,"UC San Diego",3,"5247461",99,110,"UC San Diego","UC Irvine",11,2023-07-06
"553","5247477","Hawaii",3,"CSUN",0,"5247477",76,52,"Hawaii","CSUN",24,2023-07-07
"554","5247865","Limestone",3,"Tusculum",2,"5247865",99,96,"Limestone","Tusculum",3,2023-07-08
"555","5248217","Edward Waters",0,"LIU",3,"5248217",69,76,"LIU","Edward Waters",7,2023-07-09
"556","5248851","Edward Waters",1,"LIU",3,"5248851",94,104,"LIU","Edward Waters",10,2023-07-10
"557","5249544","Lees-McRae",0,"Queens (NC)",3,"5249544",63,75,"Queens (NC)","Lees-McRae",12,2023-07-11
"558","5249560","St. Francis Brooklyn",3,"Fairleigh Dickinson",0,"5249560",75,57,"St. Francis Brooklyn","Fairleigh Dickinson",18,2023-07-12
"559","5249611","Mount Olive",3,"Barton",0,"5249611",75,44,"Mount Olive","Barton",31,2023-07-13
"560","5249673","King (TN)",1,"Lincoln Memorial",3,"5249673",86,98,"Lincoln Memorial","King (TN)",12,2023-07-14
"561","5249679","Alderson Broaddus",3,"Geneva",2,"5249679",118,106,"Alderson Broaddus","Geneva",12,2023-07-15
"562","5249762","Belmont Abbey",2,"Emmanuel (GA)",3,"5249762",104,101,"Emmanuel (GA)","Belmont Abbey",-3,2023-07-16
"563","5250836","UC Irvine",1,"UC Santa Barbara",3,"5250836",87,101,"UC Santa Barbara","UC Irvine",14,2023-07-17
"564","5251198","Belmont Abbey",0,"Limestone",3,"5251198",48,75,"Limestone","Belmont Abbey",27,2023-07-18
"565","5251200","King (TN)",3,"Tusculum",0,"5251200",86,73,"King (TN)","Tusculum",13,2023-07-19
"566","5251206","Ball St.",3,"McKendree",0,"5251206",77,62,"Ball St.","McKendree",15,2023-07-20
"567","5251216","Ohio St.",1,"Lewis",3,"5251216",90,93,"Lewis","Ohio St.",3,2023-07-21
"568","5251218","Lindenwood",0,"Loyola Chicago",3,"5251218",42,75,"Loyola Chicago","Lindenwood",33,2023-07-22
"569","5251222","Quincy",0,"Purdue Fort Wayne",3,"5251222",54,75,"Purdue Fort Wayne","Quincy",21,2023-07-23
"570","5251236","Southern California",0,"UCLA",3,"5251236",59,75,"UCLA","Southern California",16,2023-07-24
"571","5251254","Grand Canyon",3,"Stanford",0,"5251254",75,56,"Grand Canyon","Stanford",19,2023-07-25
"572","5251259","UC San Diego",0,"CSUN",3,"5251259",63,75,"CSUN","UC San Diego",12,2023-07-26
"573","5251260","CUI",0,"Pepperdine",3,"5251260",69,77,"Pepperdine","CUI",8,2023-07-27
"574","5251319","Alderson Broaddus",0,"Lincoln Memorial",3,"5251319",51,75,"Lincoln Memorial","Alderson Broaddus",24,2023-07-28
"575","5251396","Lincoln Memorial",3,"Carlow",0,"5251396",75,28,"Lincoln Memorial","Carlow",47,2023-07-29
"576","5251430","Alderson Broaddus",3,"Carlow",0,"5251430",75,46,"Alderson Broaddus","Carlow",29,2023-07-30
"577","5251591","NJIT",3,"Sacred Heart",0,"5251591",75,47,"NJIT","Sacred Heart",28,2023-07-31
"578","5251620","Benedict",3,"Kentucky St.",0,"5251620",75,51,"Benedict","Kentucky St.",24,2023-08-01
"579","5251653","Belmont Abbey",2,"Queens (NC)",3,"5251653",99,113,"Queens (NC)","Belmont Abbey",14,2023-08-02
"580","5251671","Charleston (WV)",1,"George Mason",3,"5251671",76,97,"George Mason","Charleston (WV)",21,2023-08-03
"581","5251695","Edward Waters",3,"Central St. (OH)",1,"5251695",100,86,"Edward Waters","Central St. (OH)",14,2023-08-04
"582","5251701","Fairleigh Dickinson",3,"American Int'l",0,"5251701",75,58,"Fairleigh Dickinson","American Int'l",17,2023-08-05
"583","5251706","St. Francis Brooklyn",0,"Harvard",3,"5251706",54,75,"Harvard","St. Francis Brooklyn",21,2023-08-06
"584","5251712","Mount Olive",3,"Emmanuel (GA)",0,"5251712",75,58,"Mount Olive","Emmanuel (GA)",17,2023-08-07
"585","5251717","Barton",0,"Erskine",3,"5251717",61,76,"Erskine","Barton",15,2023-08-08
"586","5251745","Morehouse",0,"Fort Valley St.",3,"5251745",28,75,"Fort Valley St.","Morehouse",47,2023-08-09
"587","5251781","Saint Francis (PA)",3,"Daemen",1,"5251781",99,94,"Saint Francis (PA)","Daemen",5,2023-08-10
"588","5251975","UC Santa Barbara",3,"UC Irvine",0,"5251975",76,63,"UC Santa Barbara","UC Irvine",13,2023-08-11
"589","5252077","Long Beach St.",3,"Hawaii",1,"5252077",100,97,"Long Beach St.","Hawaii",3,2023-08-12
"590","5252232","Edward Waters",3,"Kentucky St.",0,"5252232",75,47,"Edward Waters","Kentucky St.",28,2023-08-13
"591","5252473","Lees-McRae",0,"King (TN)",3,"5252473",63,77,"King (TN)","Lees-McRae",14,2023-08-14
"592","5252633","Benedict",1,"Central St. (OH)",3,"5252633",74,97,"Central St. (OH)","Benedict",23,2023-08-15
"593","5252665","Barton",1,"Emmanuel (GA)",3,"5252665",83,97,"Emmanuel (GA)","Barton",14,2023-08-16
"594","5252689","St. Francis Brooklyn",3,"Sacred Heart",2,"5252689",101,110,"St. Francis Brooklyn","Sacred Heart",-9,2023-08-17
"595","5252794","Mount Olive",3,"Erskine",2,"5252794",114,108,"Mount Olive","Erskine",6,2023-08-18
"596","5252917","Lindenwood",1,"Purdue Fort Wayne",3,"5252917",80,96,"Purdue Fort Wayne","Lindenwood",16,2023-08-19
"597","5252992","NJIT",3,"Harvard",0,"5252992",75,60,"NJIT","Harvard",15,2023-08-20
"598","5253017","North Greenville",3,"Belmont Abbey",0,"5253017",75,49,"North Greenville","Belmont Abbey",26,2023-08-21
"599","5253195","Quincy",0,"Loyola Chicago",3,"5253195",56,75,"Loyola Chicago","Quincy",19,2023-08-22
"600","5253288","Fairleigh Dickinson",1,"Princeton",3,"5253288",95,103,"Princeton","Fairleigh Dickinson",8,2023-08-23
"601","5253416","Ball St.",3,"Lewis",0,"5253416",76,63,"Ball St.","Lewis",13,2023-08-24
"602","5253568","Charleston (WV)",2,"George Mason",3,"5253568",90,105,"George Mason","Charleston (WV)",15,2023-08-25
"603","5253604","Ohio St.",3,"McKendree",2,"5253604",109,104,"Ohio St.","McKendree",5,2023-08-26
"604","5253641","Saint Francis (PA)",0,"Penn St.",3,"5253641",65,78,"Penn St.","Saint Francis (PA)",13,2023-08-27
"605","5253910","Grand Canyon",3,"Stanford",1,"5253910",98,90,"Grand Canyon","Stanford",8,2023-08-28
"606","5254001","UCLA",3,"Southern California",2,"5254001",105,93,"UCLA","Southern California",12,2023-08-29
"607","5254005","Pepperdine",3,"CUI",0,"5254005",75,56,"Pepperdine","CUI",19,2023-08-30
"608","5254048","CSUN",0,"UC San Diego",3,"5254048",71,82,"UC San Diego","CSUN",11,2023-08-31
"609","5254088","Long Beach St.",3,"Hawaii",1,"5254088",96,87,"Long Beach St.","Hawaii",9,2023-09-01
"610","5254309","American Int'l",0,"LIU",3,"5254309",41,75,"LIU","American Int'l",34,2023-09-02
"611","5256450","Mount Olive",2,"Queens (NC)",3,"5256450",97,110,"Queens (NC)","Mount Olive",13,2023-09-03
"612","5256478","Charleston (WV)",3,"Central St. (OH)",0,"5256478",75,60,"Charleston (WV)","Central St. (OH)",15,2023-09-04
"613","5256484","North Greenville",3,"Lees-McRae",0,"5256484",75,53,"North Greenville","Lees-McRae",22,2023-09-05
"614","5256500","Belmont Abbey",1,"King (TN)",3,"5256500",93,92,"King (TN)","Belmont Abbey",-1,2023-09-06
"615","5256516","Emmanuel (GA)",3,"Erskine",1,"5256516",94,83,"Emmanuel (GA)","Erskine",11,2023-09-07
"616","5256551","LIU",3,"St. Francis Brooklyn",2,"5256551",111,107,"LIU","St. Francis Brooklyn",4,2023-09-08
"617","5257194","Springfield",3,"Sacred Heart",0,"5257194",75,61,"Springfield","Sacred Heart",14,2023-09-09
"618","5257840","McKendree",3,"Lindenwood",0,"5257840",77,67,"McKendree","Lindenwood",10,2023-09-10
"619","5257845","Purdue Fort Wayne",2,"Ohio St.",3,"5257845",111,113,"Ohio St.","Purdue Fort Wayne",2,2023-09-11
"620","5257849","Lewis",3,"Quincy",1,"5257849",95,77,"Lewis","Quincy",18,2023-09-12
"621","5257860","Limestone",2,"Emmanuel (GA)",3,"5257860",106,103,"Emmanuel (GA)","Limestone",-3,2023-09-13
"622","5257864","Loyola Chicago",3,"Ball St.",0,"5257864",78,63,"Loyola Chicago","Ball St.",15,2023-09-14
"623","5257882","Pepperdine",0,"UCLA",3,"5257882",69,80,"UCLA","Pepperdine",11,2023-09-15
"624","5258048","Penn St.",3,"Sacred Heart",0,"5258048",81,65,"Penn St.","Sacred Heart",16,2023-09-16
"625","5258246","Kentucky St.",0,"Fort Valley St.",3,"5258246",51,75,"Fort Valley St.","Kentucky St.",24,2023-09-17
"626","5258288","Lees-McRae",1,"Mount Olive",3,"5258288",83,92,"Mount Olive","Lees-McRae",9,2023-09-18
"627","5258308","Fairleigh Dickinson",0,"George Mason",3,"5258308",56,75,"George Mason","Fairleigh Dickinson",19,2023-09-19
"628","5258334","Central St. (OH)",3,"Morehouse",0,"5258334",75,36,"Central St. (OH)","Morehouse",39,2023-09-20
"629","5258338","King (TN)",3,"Barton",0,"5258338",75,51,"King (TN)","Barton",24,2023-09-21
"630","5258343","Penn St.",3,"St. Francis Brooklyn",0,"5258343",75,50,"Penn St.","St. Francis Brooklyn",25,2023-09-22
"631","5258397","LIU",1,"Sacred Heart",3,"5258397",87,96,"Sacred Heart","LIU",9,2023-09-23
"632","5258434","Saint Francis (PA)",3,"NJIT",2,"5258434",109,93,"Saint Francis (PA)","NJIT",16,2023-09-24
"633","5258542","Harvard",1,"Charleston (WV)",3,"5258542",102,107,"Charleston (WV)","Harvard",5,2023-09-25
"634","5258559","Alderson Broaddus",2,"D'Youville",3,"5258559",104,108,"D'Youville","Alderson Broaddus",4,2023-09-26
"635","5258599","Long Beach St.",3,"UC San Diego",0,"5258599",81,59,"Long Beach St.","UC San Diego",22,2023-09-27
"636","5258600","Southern California",3,"CUI",0,"5258600",75,61,"Southern California","CUI",14,2023-09-28
"637","5258606","Stanford",3,"BYU",0,"5258606",79,69,"Stanford","BYU",10,2023-09-29
"638","5258621","CSUN",1,"UC Irvine",3,"5258621",92,98,"UC Irvine","CSUN",6,2023-09-30
"639","5258651","Hawaii",3,"UC Santa Barbara",0,"5258651",78,65,"Hawaii","UC Santa Barbara",13,2023-10-01
"640","5258669","D'Youville",0,"Queens (NC)",3,"5258669",61,75,"Queens (NC)","D'Youville",14,2023-10-02
"641","5258671","Lees-McRae",3,"Barton",0,"5258671",80,67,"Lees-McRae","Barton",13,2023-10-03
"642","5258714","King (TN)",3,"Mount Olive",1,"5258714",98,79,"King (TN)","Mount Olive",19,2023-10-04
"643","5258743","LIU",3,"Fairleigh Dickinson",2,"5258743",109,103,"LIU","Fairleigh Dickinson",6,2023-10-05
"644","5258875","Kentucky St.",3,"Morehouse",0,"5258875",75,47,"Kentucky St.","Morehouse",28,2023-10-06
"645","5258976","Lincoln Memorial",3,"Tusculum",0,"5258976",75,49,"Lincoln Memorial","Tusculum",26,2023-10-07
"646","5259014","Central St. (OH)",3,"Fort Valley St.",0,"5259014",75,58,"Central St. (OH)","Fort Valley St.",17,2023-10-08
"647","5259085","Emmanuel (GA)",1,"North Greenville",3,"5259085",89,97,"North Greenville","Emmanuel (GA)",8,2023-10-09
"648","5259127","Erskine",3,"Belmont Abbey",2,"5259127",103,93,"Erskine","Belmont Abbey",10,2023-10-10
"649","5259146","Alderson Broaddus",1,"Queens (NC)",3,"5259146",74,97,"Queens (NC)","Alderson Broaddus",23,2023-10-11
"650","5259460","Tusculum",3,"Edward Waters",2,"5259460",108,100,"Tusculum","Edward Waters",8,2023-10-12
"651","5259470","Saint Francis (PA)",3,"St. Francis Brooklyn",0,"5259470",84,67,"Saint Francis (PA)","St. Francis Brooklyn",17,2023-10-13
"652","5259479","Benedict",0,"Edward Waters",3,"5259479",56,75,"Edward Waters","Benedict",19,2023-10-14
"653","5259650","Princeton",3,"George Mason",0,"5259650",75,56,"Princeton","George Mason",19,2023-10-15
"654","5259908","McKendree",3,"Quincy",0,"5259908",75,59,"McKendree","Quincy",16,2023-10-16
"655","5259931","Loyola Chicago",0,"Ohio St.",3,"5259931",55,75,"Ohio St.","Loyola Chicago",20,2023-10-17
"656","5259990","Sacred Heart",3,"Lancaster Bible",1,"5259990",97,88,"Sacred Heart","Lancaster Bible",9,2023-10-18
"657","5260087","Lewis",3,"Lindenwood",1,"5260087",99,96,"Lewis","Lindenwood",3,2023-10-19
"658","5260118","Penn St.",3,"NJIT",0,"5260118",75,63,"Penn St.","NJIT",12,2023-10-20
"659","5260141","Harvard",2,"Charleston (WV)",3,"5260141",107,96,"Charleston (WV)","Harvard",-11,2023-10-21
"660","5260197","Purdue Fort Wayne",1,"Ball St.",3,"5260197",105,106,"Ball St.","Purdue Fort Wayne",1,2023-10-22
"661","5260263","UCLA",3,"Pepperdine",0,"5260263",75,61,"UCLA","Pepperdine",14,2023-10-23
"662","5260286","UC Irvine",3,"CSUN",0,"5260286",78,63,"UC Irvine","CSUN",15,2023-10-24
"663","5260305","Stanford",3,"BYU",2,"5260305",118,117,"Stanford","BYU",1,2023-10-25
"664","5260332","Hawaii",3,"UC Santa Barbara",2,"5260332",108,99,"Hawaii","UC Santa Barbara",9,2023-10-26
"665","5260334","UC San Diego",3,"Long Beach St.",2,"5260334",102,101,"UC San Diego","Long Beach St.",1,2023-10-27
"666","5261663","Queens (NC)",3,"Fairleigh Dickinson",1,"5261663",98,77,"Queens (NC)","Fairleigh Dickinson",21,2023-10-28
"667","5262374","CUI",0,"Southern California",3,"5262374",74,83,"Southern California","CUI",9,2023-10-29
"668","5264032","Belmont Abbey",3,"Lees-McRae",1,"5264032",98,65,"Belmont Abbey","Lees-McRae",33,2023-10-30
"669","5264569","Limestone",1,"Queens (NC)",3,"5264569",85,93,"Queens (NC)","Limestone",8,2023-10-31
"670","5264676","Pepperdine",3,"Stanford",0,"5264676",75,56,"Pepperdine","Stanford",19,2023-11-01
"671","5265049","Erskine",3,"Barton",0,"5265049",75,51,"Erskine","Barton",24,2023-11-02
"672","5265301","George Mason",3,"St. Francis Brooklyn",2,"5265301",119,122,"George Mason","St. Francis Brooklyn",-3,2023-11-03
"673","5265721","NJIT",3,"St. Francis Brooklyn",1,"5265721",99,90,"NJIT","St. Francis Brooklyn",9,2023-11-04
"674","5265730","Princeton",3,"Sacred Heart",0,"5265730",75,50,"Princeton","Sacred Heart",25,2023-11-05
"675","5265735","Central St. (OH)",3,"Kentucky St.",0,"5265735",75,42,"Central St. (OH)","Kentucky St.",33,2023-11-06
"676","5265775","Edward Waters",3,"Fort Valley St.",2,"5265775",112,111,"Edward Waters","Fort Valley St.",1,2023-11-07
"677","5265866","Charleston (WV)",1,"Penn St.",3,"5265866",76,90,"Penn St.","Charleston (WV)",14,2023-11-08
"678","5266031","Grand Canyon",2,"Southern California",3,"5266031",99,101,"Southern California","Grand Canyon",2,2023-11-09
"679","5266043","BYU",1,"UCLA",3,"5266043",82,95,"UCLA","BYU",13,2023-11-10
"680","5266059","CUI",0,"UC Santa Barbara",3,"5266059",66,75,"UC Santa Barbara","CUI",9,2023-11-11
"681","5266092","Long Beach St.",3,"CSUN",2,"5266092",102,105,"Long Beach St.","CSUN",-3,2023-11-12
"682","5266323","D'Youville",0,"Daemen",3,"5266323",59,75,"Daemen","D'Youville",16,2023-11-13
"683","5266360","George Mason",2,"Harvard",3,"5266360",99,104,"Harvard","George Mason",5,2023-11-14
"684","5266571","Princeton",3,"Sacred Heart",0,"5266571",81,61,"Princeton","Sacred Heart",20,2023-11-15
"685","5266601","Edward Waters",3,"Morehouse",0,"5266601",75,39,"Edward Waters","Morehouse",36,2023-11-16
"686","5267402","Charleston (WV)",3,"Saint Francis (PA)",1,"5267402",93,93,"Charleston (WV)","Saint Francis (PA)",0,2023-11-17
"687","5267471","St. Francis Brooklyn",0,"NJIT",3,"5267471",51,75,"NJIT","St. Francis Brooklyn",24,2023-11-18
"688","5267511","Loyola Chicago",3,"Lindenwood",0,"5267511",75,61,"Loyola Chicago","Lindenwood",14,2023-11-19
"689","5267591","Ball St.",3,"Quincy",0,"5267591",75,48,"Ball St.","Quincy",27,2023-11-20
"690","5267623","Grand Canyon",0,"Southern California",3,"5267623",69,77,"Southern California","Grand Canyon",8,2023-11-21
"691","5267690","McKendree",1,"Purdue Fort Wayne",3,"5267690",91,99,"Purdue Fort Wayne","McKendree",8,2023-11-22
"692","5267693","Lewis",3,"Ohio St.",2,"5267693",111,106,"Lewis","Ohio St.",5,2023-11-23
"693","5267730","UC Irvine",0,"Hawaii",3,"5267730",61,75,"Hawaii","UC Irvine",14,2023-11-24
"694","5267739","Pepperdine",3,"Stanford",2,"5267739",101,103,"Pepperdine","Stanford",-2,2023-11-25
"695","5267742","CSUN",0,"Long Beach St.",3,"5267742",73,82,"Long Beach St.","CSUN",9,2023-11-26
"696","5267747","BYU",2,"UCLA",3,"5267747",107,111,"UCLA","BYU",4,2023-11-27
"697","5268331","UC Irvine",2,"Hawaii",3,"5268331",101,111,"Hawaii","UC Irvine",10,2023-11-28
"698","5268403","UC San Diego",1,"UC Santa Barbara",3,"5268403",83,93,"UC Santa Barbara","UC San Diego",10,2023-11-29
"699","5268411","George Mason",0,"Harvard",3,"5268411",69,81,"Harvard","George Mason",12,2023-11-30
"700","5268631","Fort Valley St.",3,"Morehouse",0,"5268631",75,33,"Fort Valley St.","Morehouse",42,2023-12-01
"701","5268633","Benedict",3,"Kentucky St.",0,"5268633",75,43,"Benedict","Kentucky St.",32,2023-12-02
"702","5268782","Central St. (OH)",3,"Benedict",1,"5268782",99,83,"Central St. (OH)","Benedict",16,2023-12-03
"703","5268817","Edward Waters",3,"Fort Valley St.",2,"5268817",104,105,"Edward Waters","Fort Valley St.",-1,2023-12-04
"704","5269084","Emmanuel (GA)",3,"Erskine",2,"5269084",111,104,"Emmanuel (GA)","Erskine",7,2023-12-05
"705","5269087","Mount Olive",3,"Belmont Abbey",2,"5269087",108,99,"Mount Olive","Belmont Abbey",9,2023-12-06
"706","5269439","Fort Valley St.",3,"Kentucky St.",0,"5269439",75,35,"Fort Valley St.","Kentucky St.",40,2023-12-07
"707","5269443","Benedict",3,"Morehouse",0,"5269443",75,38,"Benedict","Morehouse",37,2023-12-08
"708","5269734","Central St. (OH)",3,"Edward Waters",2,"5269734",99,102,"Central St. (OH)","Edward Waters",-3,2023-12-09
"709","5269790","NJIT",3,"George Mason",1,"5269790",105,98,"NJIT","George Mason",7,2023-12-10
"710","5269809","Fort Valley St.",2,"Benedict",3,"5269809",107,110,"Benedict","Fort Valley St.",3,2023-12-11
"711","5269962","Southern California",3,"CUI",0,"5269962",75,60,"Southern California","CUI",15,2023-12-12
"712","5270016","Ball St.",3,"Lewis",0,"5270016",75,55,"Ball St.","Lewis",20,2023-12-13
"713","5270017","Princeton",3,"Saint Francis (PA)",0,"5270017",75,65,"Princeton","Saint Francis (PA)",10,2023-12-14
"714","5270201","Loyola Chicago",0,"Purdue Fort Wayne",3,"5270201",78,84,"Purdue Fort Wayne","Loyola Chicago",6,2023-12-15
"715","5270229","Pepperdine",3,"BYU",2,"5270229",110,106,"Pepperdine","BYU",4,2023-12-16
"716","5270255","Grand Canyon",1,"Stanford",3,"5270255",88,97,"Stanford","Grand Canyon",9,2023-12-17
"717","5270324","Edward Waters",3,"Benedict",0,"5270324",75,57,"Edward Waters","Benedict",18,2023-12-18
"718","5270401","Central St. (OH)",3,"Edward Waters",2,"5270401",97,103,"Central St. (OH)","Edward Waters",-6,2023-12-19
"719","5270526","Harvard",1,"NJIT",3,"5270526",86,92,"NJIT","Harvard",6,2023-12-20
"720","5270677","Penn St.",2,"Princeton",3,"5270677",104,108,"Princeton","Penn St.",4,2023-12-21
"721","5270683","UCLA",2,"Stanford",3,"5270683",105,101,"Stanford","UCLA",-4,2023-12-22
"722","5270715","Southern California",1,"Pepperdine",3,"5270715",99,100,"Pepperdine","Southern California",1,2023-12-23
"723","5270719","UC Santa Barbara",3,"CSUN",0,"5270719",77,67,"UC Santa Barbara","CSUN",10,2023-12-24
"724","5270776","Lincoln Memorial",3,"Alderson Broaddus",0,"5270776",75,50,"Lincoln Memorial","Alderson Broaddus",25,2023-12-25
"725","5270777","Fairleigh Dickinson",0,"Limestone",3,"5270777",47,75,"Limestone","Fairleigh Dickinson",28,2023-12-26
"726","5270821","Queens (NC)",3,"D'Youville",0,"5270821",75,46,"Queens (NC)","D'Youville",29,2023-12-27
"727","5270846","Daemen",3,"Tusculum",0,"5270846",84,74,"Daemen","Tusculum",10,2023-12-28
"728","5271019","Lincoln Memorial",3,"Limestone",0,"5271019",75,64,"Lincoln Memorial","Limestone",11,2023-12-29
"729","5271043","Fairleigh Dickinson",3,"Alderson Broaddus",1,"5271043",98,75,"Fairleigh Dickinson","Alderson Broaddus",23,2023-12-30
"730","5271076","North Greenville",3,"Emmanuel (GA)",0,"5271076",75,51,"North Greenville","Emmanuel (GA)",24,2023-12-31
"731","5271314","D'Youville",0,"Tusculum",3,"5271314",55,75,"Tusculum","D'Youville",20,2024-01-01
"732","5271602","Hawaii",3,"UC Santa Barbara",0,"5271602",76,56,"Hawaii","UC Santa Barbara",20,2024-01-02
"733","5271620","King (TN)",1,"Mount Olive",3,"5271620",81,93,"Mount Olive","King (TN)",12,2024-01-03
"734","5271635","D'Youville",3,"Alderson Broaddus",0,"5271635",77,62,"D'Youville","Alderson Broaddus",15,2024-01-04
"735","5273508","Ball St.",3,"Purdue Fort Wayne",0,"5273508",78,62,"Ball St.","Purdue Fort Wayne",16,2024-01-05
"736","5273513","North Greenville",3,"Mount Olive",2,"5273513",109,95,"North Greenville","Mount Olive",14,2024-01-06
"737","5273571","NJIT",1,"Princeton",3,"5273571",93,102,"Princeton","NJIT",9,2024-01-07
"738","5273688","Pepperdine",3,"Stanford",2,"5273688",109,101,"Pepperdine","Stanford",8,2024-01-08
"739","5273738","Hawaii",3,"Long Beach St.",0,"5273738",80,74,"Hawaii","Long Beach St.",6,2024-01-09
"740","5275912","UC Santa Barbara",3,"Pepperdine",1,"5275912",99,83,"UC Santa Barbara","Pepperdine",16,2024-01-10
"741","5277346","UC San Diego",0,"UC Irvine",3,"5277346",71,80,"UC Irvine","UC San Diego",9,2024-01-11
"742","5277348","Long Beach St.",3,"UC Irvine",1,"5277348",101,94,"Long Beach St.","UC Irvine",7,2024-01-12
"743","5281390","Princeton",0,"North Greenville",3,"5281390",77,90,"North Greenville","Princeton",13,2024-01-13
"744","5282356","UCLA",3,"Pepperdine",1,"5282356",98,91,"UCLA","Pepperdine",7,2024-01-14
"745","5283227","Long Beach St.",3,"UCLA",2,"5283227",102,89,"Long Beach St.","UCLA",13,2024-01-15
"746","5284706","Hawaii",3,"Long Beach St.",0,"5284706",75,63,"Hawaii","Long Beach St.",12,2024-01-16
"747","5286063","St. Katherine",0,"CUI",3,"5286063",46,75,"CUI","St. Katherine",29,2024-01-17
"748","5286782","Fairleigh Dickinson",2,"Tusculum",3,"5286782",103,110,"Tusculum","Fairleigh Dickinson",7,2024-01-18
"749","5288238","Hawaii",3,"North Greenville",0,"5288238",75,48,"Hawaii","North Greenville",27,2024-01-19
"750","5288241","Ball St.",2,"Hawaii",3,"5288241",107,107,"Hawaii","Ball St.",0,2024-01-20
"751","5288419","Tusculum",1,"North Greenville",3,"5288419",74,94,"North Greenville","Tusculum",20,2024-01-21
"752","5288420","Tusculum",3,"Alderson Broaddus",1,"5288420",97,78,"Tusculum","Alderson Broaddus",19,2024-01-22
"753","5288421","Tusculum",0,"Queens (NC)",3,"5288421",62,75,"Queens (NC)","Tusculum",13,2024-01-23
"754","5288434","Mount Olive",3,"Tusculum",1,"5288434",91,93,"Mount Olive","Tusculum",-2,2024-01-24
"755","5288435","Tusculum",0,"Limestone",3,"5288435",59,78,"Limestone","Tusculum",19,2024-01-25
"756","5288437","Tusculum",1,"Erskine",3,"5288437",87,97,"Erskine","Tusculum",10,2024-01-26
"757","5288438","Tusculum",3,"Fort Valley St.",0,"5288438",75,50,"Tusculum","Fort Valley St.",25,2024-01-27
"758","5288485","Southern Va.",0,"Tusculum",3,"5288485",59,75,"Tusculum","Southern Va.",16,2024-01-28
"759","5290340","NJIT",3,"UC San Diego",2,"5290340",110,105,"NJIT","UC San Diego",5,2024-01-29
"760","5291014","Randolph-Macon",2,"Belmont Abbey",3,"5291014",105,112,"Belmont Abbey","Randolph-Macon",7,2024-01-30
